"Faerdigvacc. dato";"regionskode_current";"Regionsnavn";"Antal faerdigvacc.";"regionskode_num"
2021-01-01;1083;Syddanmark;1;1083
2021-01-04;1083;Syddanmark;1;1083
2021-01-07;1083;Syddanmark;1;1083
2021-01-08;1084;Hovedstaden;1;1084
2021-01-09;1084;Hovedstaden;2;1084
2021-01-12;1082;Midtjylland;1;1082
2021-01-12;1083;Syddanmark;1;1083
2021-01-13;1082;Midtjylland;2;1082
2021-01-13;1084;Hovedstaden;1;1084
2021-01-14;1084;Hovedstaden;1;1084
2021-01-15;1084;Hovedstaden;5;1084
2021-01-16;1082;Midtjylland;7;1082
2021-01-16;1084;Hovedstaden;1;1084
2021-01-16;1085;Sjælland;1;1085
2021-01-17;1081;Nordjylland;1;1081
2021-01-17;1082;Midtjylland;2;1082
2021-01-17;1083;Syddanmark;397;1083
2021-01-17;1084;Hovedstaden;41;1084
2021-01-17;1085;Sjælland;200;1085
2021-01-18;1081;Nordjylland;4;1081
2021-01-18;1082;Midtjylland;166;1082
2021-01-18;1083;Syddanmark;467;1083
2021-01-18;1084;Hovedstaden;137;1084
2021-01-18;1085;Sjælland;1192;1085
2021-01-19;1081;Nordjylland;2;1081
2021-01-19;1082;Midtjylland;11;1082
2021-01-19;1083;Syddanmark;408;1083
2021-01-19;1084;Hovedstaden;172;1084
2021-01-19;1085;Sjælland;1325;1085
2021-01-20;1081;Nordjylland;4;1081
2021-01-20;1082;Midtjylland;97;1082
2021-01-20;1083;Syddanmark;277;1083
2021-01-20;1084;Hovedstaden;133;1084
2021-01-20;1085;Sjælland;1225;1085
2021-01-21;1081;Nordjylland;10;1081
2021-01-21;1082;Midtjylland;576;1082
2021-01-21;1083;Syddanmark;399;1083
2021-01-21;1084;Hovedstaden;117;1084
2021-01-21;1085;Sjælland;1084;1085
2021-01-22;1081;Nordjylland;2347;1081
2021-01-22;1082;Midtjylland;1061;1082
2021-01-22;1083;Syddanmark;1392;1083
2021-01-22;1084;Hovedstaden;82;1084
2021-01-22;1085;Sjælland;445;1085
2021-01-23;1081;Nordjylland;1242;1081
2021-01-23;1082;Midtjylland;929;1082
2021-01-23;1083;Syddanmark;157;1083
2021-01-23;1084;Hovedstaden;3853;1084
2021-01-23;1085;Sjælland;367;1085
2021-01-24;1081;Nordjylland;583;1081
2021-01-24;1082;Midtjylland;1158;1082
2021-01-24;1083;Syddanmark;199;1083
2021-01-24;1084;Hovedstaden;3695;1084
2021-01-24;1085;Sjælland;283;1085
2021-01-25;1081;Nordjylland;11;1081
2021-01-25;1082;Midtjylland;158;1082
2021-01-25;1083;Syddanmark;1648;1083
2021-01-25;1084;Hovedstaden;236;1084
2021-01-25;1085;Sjælland;259;1085
2021-01-26;1081;Nordjylland;154;1081
2021-01-26;1082;Midtjylland;47;1082
2021-01-26;1083;Syddanmark;901;1083
2021-01-26;1084;Hovedstaden;137;1084
2021-01-26;1085;Sjælland;388;1085
2021-01-27;1081;Nordjylland;224;1081
2021-01-27;1082;Midtjylland;1095;1082
2021-01-27;1083;Syddanmark;1007;1083
2021-01-27;1084;Hovedstaden;624;1084
2021-01-27;1085;Sjælland;1174;1085
2021-01-28;1081;Nordjylland;518;1081
2021-01-28;1082;Midtjylland;1727;1082
2021-01-28;1083;Syddanmark;466;1083
2021-01-28;1084;Hovedstaden;3701;1084
2021-01-28;1085;Sjælland;1415;1085
2021-01-29;1081;Nordjylland;1833;1081
2021-01-29;1082;Midtjylland;3606;1082
2021-01-29;1083;Syddanmark;2897;1083
2021-01-29;1084;Hovedstaden;7199;1084
2021-01-29;1085;Sjælland;1757;1085
2021-01-30;1081;Nordjylland;1736;1081
2021-01-30;1082;Midtjylland;2429;1082
2021-01-30;1083;Syddanmark;2577;1083
2021-01-30;1084;Hovedstaden;4328;1084
2021-01-30;1085;Sjælland;962;1085
2021-01-31;1081;Nordjylland;1513;1081
2021-01-31;1082;Midtjylland;5633;1082
2021-01-31;1083;Syddanmark;1163;1083
2021-01-31;1084;Hovedstaden;2460;1084
2021-01-31;1085;Sjælland;567;1085
2021-02-01;1081;Nordjylland;533;1081
2021-02-01;1082;Midtjylland;1444;1082
2021-02-01;1083;Syddanmark;2938;1083
2021-02-01;1084;Hovedstaden;1884;1084
2021-02-01;1085;Sjælland;753;1085
2021-02-02;1081;Nordjylland;339;1081
2021-02-02;1082;Midtjylland;974;1082
2021-02-02;1083;Syddanmark;1013;1083
2021-02-02;1084;Hovedstaden;113;1084
2021-02-02;1085;Sjælland;447;1085
2021-02-03;1081;Nordjylland;530;1081
2021-02-03;1082;Midtjylland;1341;1082
2021-02-03;1083;Syddanmark;524;1083
2021-02-03;1084;Hovedstaden;2863;1084
2021-02-03;1085;Sjælland;715;1085
2021-02-04;1081;Nordjylland;295;1081
2021-02-04;1082;Midtjylland;1691;1082
2021-02-04;1083;Syddanmark;738;1083
2021-02-04;1084;Hovedstaden;6281;1084
2021-02-04;1085;Sjælland;1500;1085
2021-02-05;1081;Nordjylland;527;1081
2021-02-05;1082;Midtjylland;2317;1082
2021-02-05;1083;Syddanmark;4206;1083
2021-02-05;1084;Hovedstaden;4751;1084
2021-02-05;1085;Sjælland;1017;1085
2021-02-06;1081;Nordjylland;543;1081
2021-02-06;1082;Midtjylland;476;1082
2021-02-06;1083;Syddanmark;2214;1083
2021-02-06;1084;Hovedstaden;2937;1084
2021-02-06;1085;Sjælland;296;1085
2021-02-07;1081;Nordjylland;1132;1081
2021-02-07;1082;Midtjylland;76;1082
2021-02-07;1083;Syddanmark;1481;1083
2021-02-07;1084;Hovedstaden;568;1084
2021-02-07;1085;Sjælland;210;1085
2021-02-08;1081;Nordjylland;1292;1081
2021-02-08;1082;Midtjylland;2555;1082
2021-02-08;1083;Syddanmark;1645;1083
2021-02-08;1084;Hovedstaden;1130;1084
2021-02-08;1085;Sjælland;156;1085
2021-02-09;1081;Nordjylland;1029;1081
2021-02-09;1082;Midtjylland;2507;1082
2021-02-09;1083;Syddanmark;1050;1083
2021-02-09;1084;Hovedstaden;45;1084
2021-02-09;1085;Sjælland;62;1085
2021-02-10;1081;Nordjylland;671;1081
2021-02-10;1082;Midtjylland;1821;1082
2021-02-10;1083;Syddanmark;103;1083
2021-02-10;1084;Hovedstaden;927;1084
2021-02-10;1085;Sjælland;248;1085
2021-02-11;1081;Nordjylland;234;1081
2021-02-11;1082;Midtjylland;1552;1082
2021-02-11;1083;Syddanmark;145;1083
2021-02-11;1084;Hovedstaden;241;1084
2021-02-11;1085;Sjælland;227;1085
2021-02-12;1081;Nordjylland;96;1081
2021-02-12;1082;Midtjylland;978;1082
2021-02-12;1083;Syddanmark;1667;1083
2021-02-12;1084;Hovedstaden;4141;1084
2021-02-12;1085;Sjælland;645;1085
2021-02-13;1081;Nordjylland;2;1081
2021-02-13;1082;Midtjylland;41;1082
2021-02-13;1083;Syddanmark;816;1083
2021-02-13;1084;Hovedstaden;12;1084
2021-02-13;1085;Sjælland;56;1085
2021-02-14;1081;Nordjylland;2;1081
2021-02-14;1082;Midtjylland;29;1082
2021-02-14;1083;Syddanmark;533;1083
2021-02-14;1084;Hovedstaden;14;1084
2021-02-14;1085;Sjælland;29;1085
2021-02-15;1081;Nordjylland;35;1081
2021-02-15;1082;Midtjylland;458;1082
2021-02-15;1083;Syddanmark;1040;1083
2021-02-15;1084;Hovedstaden;1368;1084
2021-02-15;1085;Sjælland;191;1085
2021-02-16;1081;Nordjylland;25;1081
2021-02-16;1082;Midtjylland;222;1082
2021-02-16;1083;Syddanmark;544;1083
2021-02-16;1084;Hovedstaden;408;1084
2021-02-16;1085;Sjælland;111;1085
2021-02-17;1081;Nordjylland;16;1081
2021-02-17;1082;Midtjylland;113;1082
2021-02-17;1083;Syddanmark;201;1083
2021-02-17;1084;Hovedstaden;36;1084
2021-02-17;1085;Sjælland;49;1085
2021-02-18;1081;Nordjylland;34;1081
2021-02-18;1082;Midtjylland;65;1082
2021-02-18;1083;Syddanmark;43;1083
2021-02-18;1084;Hovedstaden;79;1084
2021-02-18;1085;Sjælland;94;1085
2021-02-19;1081;Nordjylland;181;1081
2021-02-19;1082;Midtjylland;105;1082
2021-02-19;1083;Syddanmark;85;1083
2021-02-19;1084;Hovedstaden;53;1084
2021-02-19;1085;Sjælland;518;1085
2021-02-20;1081;Nordjylland;132;1081
2021-02-20;1082;Midtjylland;6;1082
2021-02-20;1083;Syddanmark;60;1083
2021-02-20;1084;Hovedstaden;102;1084
2021-02-20;1085;Sjælland;261;1085
2021-02-21;1081;Nordjylland;24;1081
2021-02-21;1082;Midtjylland;42;1082
2021-02-21;1083;Syddanmark;33;1083
2021-02-21;1084;Hovedstaden;104;1084
2021-02-21;1085;Sjælland;147;1085
2021-02-22;1081;Nordjylland;30;1081
2021-02-22;1082;Midtjylland;345;1082
2021-02-22;1083;Syddanmark;184;1083
2021-02-22;1084;Hovedstaden;147;1084
2021-02-22;1085;Sjælland;377;1085
2021-02-23;1081;Nordjylland;26;1081
2021-02-23;1082;Midtjylland;269;1082
2021-02-23;1083;Syddanmark;347;1083
2021-02-23;1084;Hovedstaden;161;1084
2021-02-23;1085;Sjælland;1085;1085
2021-02-24;1081;Nordjylland;9;1081
2021-02-24;1082;Midtjylland;219;1082
2021-02-24;1083;Syddanmark;577;1083
2021-02-24;1084;Hovedstaden;77;1084
2021-02-24;1085;Sjælland;979;1085
2021-02-25;1081;Nordjylland;21;1081
2021-02-25;1082;Midtjylland;146;1082
2021-02-25;1083;Syddanmark;307;1083
2021-02-25;1084;Hovedstaden;41;1084
2021-02-25;1085;Sjælland;94;1085
2021-02-26;1081;Nordjylland;49;1081
2021-02-26;1082;Midtjylland;387;1082
2021-02-26;1083;Syddanmark;297;1083
2021-02-26;1084;Hovedstaden;67;1084
2021-02-26;1085;Sjælland;200;1085
2021-02-27;1081;Nordjylland;2;1081
2021-02-27;1082;Midtjylland;2;1082
2021-02-27;1083;Syddanmark;113;1083
2021-02-27;1084;Hovedstaden;1046;1084
2021-02-27;1085;Sjælland;207;1085
2021-02-28;1081;Nordjylland;4;1081
2021-02-28;1082;Midtjylland;2;1082
2021-02-28;1083;Syddanmark;29;1083
2021-02-28;1084;Hovedstaden;1080;1084
2021-02-28;1085;Sjælland;213;1085
2021-03-01;1081;Nordjylland;76;1081
2021-03-01;1082;Midtjylland;142;1082
2021-03-01;1083;Syddanmark;361;1083
2021-03-01;1084;Hovedstaden;222;1084
2021-03-01;1085;Sjælland;244;1085
2021-03-02;1081;Nordjylland;72;1081
2021-03-02;1082;Midtjylland;178;1082
2021-03-02;1083;Syddanmark;344;1083
2021-03-02;1084;Hovedstaden;254;1084
2021-03-02;1085;Sjælland;410;1085
2021-03-03;1081;Nordjylland;47;1081
2021-03-03;1082;Midtjylland;218;1082
2021-03-03;1083;Syddanmark;155;1083
2021-03-03;1084;Hovedstaden;48;1084
2021-03-03;1085;Sjælland;532;1085
2021-03-04;1081;Nordjylland;39;1081
2021-03-04;1082;Midtjylland;608;1082
2021-03-04;1083;Syddanmark;176;1083
2021-03-04;1084;Hovedstaden;197;1084
2021-03-04;1085;Sjælland;755;1085
2021-03-05;1081;Nordjylland;665;1081
2021-03-05;1082;Midtjylland;2572;1082
2021-03-05;1083;Syddanmark;486;1083
2021-03-05;1084;Hovedstaden;272;1084
2021-03-05;1085;Sjælland;1592;1085
2021-03-06;1081;Nordjylland;684;1081
2021-03-06;1082;Midtjylland;1495;1082
2021-03-06;1083;Syddanmark;324;1083
2021-03-06;1084;Hovedstaden;94;1084
2021-03-06;1085;Sjælland;1253;1085
2021-03-07;1081;Nordjylland;591;1081
2021-03-07;1082;Midtjylland;1093;1082
2021-03-07;1083;Syddanmark;606;1083
2021-03-07;1084;Hovedstaden;318;1084
2021-03-07;1085;Sjælland;1584;1085
2021-03-08;1081;Nordjylland;581;1081
2021-03-08;1082;Midtjylland;3350;1082
2021-03-08;1083;Syddanmark;774;1083
2021-03-08;1084;Hovedstaden;242;1084
2021-03-08;1085;Sjælland;1344;1085
2021-03-09;1081;Nordjylland;531;1081
2021-03-09;1082;Midtjylland;2714;1082
2021-03-09;1083;Syddanmark;732;1083
2021-03-09;1084;Hovedstaden;1396;1084
2021-03-09;1085;Sjælland;1615;1085
2021-03-10;1081;Nordjylland;370;1081
2021-03-10;1082;Midtjylland;1709;1082
2021-03-10;1083;Syddanmark;835;1083
2021-03-10;1084;Hovedstaden;1651;1084
2021-03-10;1085;Sjælland;2455;1085
2021-03-11;1081;Nordjylland;772;1081
2021-03-11;1082;Midtjylland;1238;1082
2021-03-11;1083;Syddanmark;378;1083
2021-03-11;1084;Hovedstaden;4240;1084
2021-03-11;1085;Sjælland;1142;1085
2021-03-12;1081;Nordjylland;1478;1081
2021-03-12;1082;Midtjylland;988;1082
2021-03-12;1083;Syddanmark;2197;1083
2021-03-12;1084;Hovedstaden;4686;1084
2021-03-12;1085;Sjælland;944;1085
2021-03-13;1081;Nordjylland;2317;1081
2021-03-13;1082;Midtjylland;568;1082
2021-03-13;1083;Syddanmark;1880;1083
2021-03-13;1084;Hovedstaden;91;1084
2021-03-13;1085;Sjælland;876;1085
2021-03-14;1081;Nordjylland;2182;1081
2021-03-14;1082;Midtjylland;207;1082
2021-03-14;1083;Syddanmark;1952;1083
2021-03-14;1084;Hovedstaden;3184;1084
2021-03-14;1085;Sjælland;1649;1085
2021-03-15;1081;Nordjylland;1706;1081
2021-03-15;1082;Midtjylland;2723;1082
2021-03-15;1083;Syddanmark;1787;1083
2021-03-15;1084;Hovedstaden;2703;1084
2021-03-15;1085;Sjælland;721;1085
2021-03-16;1081;Nordjylland;61;1081
2021-03-16;1082;Midtjylland;3446;1082
2021-03-16;1083;Syddanmark;1425;1083
2021-03-16;1084;Hovedstaden;3443;1084
2021-03-16;1085;Sjælland;869;1085
2021-03-17;1081;Nordjylland;47;1081
2021-03-17;1082;Midtjylland;2767;1082
2021-03-17;1083;Syddanmark;1013;1083
2021-03-17;1084;Hovedstaden;4298;1084
2021-03-17;1085;Sjælland;818;1085
2021-03-18;1081;Nordjylland;109;1081
2021-03-18;1082;Midtjylland;1131;1082
2021-03-18;1083;Syddanmark;1006;1083
2021-03-18;1084;Hovedstaden;4312;1084
2021-03-18;1085;Sjælland;546;1085
2021-03-19;1081;Nordjylland;549;1081
2021-03-19;1082;Midtjylland;3005;1082
2021-03-19;1083;Syddanmark;3776;1083
2021-03-19;1084;Hovedstaden;1146;1084
2021-03-19;1085;Sjælland;3048;1085
2021-03-20;1081;Nordjylland;1705;1081
2021-03-20;1082;Midtjylland;29;1082
2021-03-20;1083;Syddanmark;2565;1083
2021-03-20;1084;Hovedstaden;90;1084
2021-03-20;1085;Sjælland;333;1085
2021-03-21;1081;Nordjylland;7;1081
2021-03-21;1082;Midtjylland;13;1082
2021-03-21;1083;Syddanmark;2442;1083
2021-03-21;1084;Hovedstaden;2054;1084
2021-03-21;1085;Sjælland;69;1085
2021-03-22;1081;Nordjylland;1355;1081
2021-03-22;1082;Midtjylland;2718;1082
2021-03-22;1083;Syddanmark;2180;1083
2021-03-22;1084;Hovedstaden;85;1084
2021-03-22;1085;Sjælland;1280;1085
2021-03-23;1081;Nordjylland;2207;1081
2021-03-23;1082;Midtjylland;3308;1082
2021-03-23;1083;Syddanmark;1341;1083
2021-03-23;1084;Hovedstaden;120;1084
2021-03-23;1085;Sjælland;477;1085
2021-03-24;1081;Nordjylland;422;1081
2021-03-24;1082;Midtjylland;1683;1082
2021-03-24;1083;Syddanmark;1199;1083
2021-03-24;1084;Hovedstaden;8418;1084
2021-03-24;1085;Sjælland;1486;1085
2021-03-25;1081;Nordjylland;212;1081
2021-03-25;1082;Midtjylland;1704;1082
2021-03-25;1083;Syddanmark;1261;1083
2021-03-25;1084;Hovedstaden;4430;1084
2021-03-25;1085;Sjælland;658;1085
2021-03-26;1081;Nordjylland;39;1081
2021-03-26;1082;Midtjylland;1381;1082
2021-03-26;1083;Syddanmark;3260;1083
2021-03-26;1084;Hovedstaden;2632;1084
2021-03-26;1085;Sjælland;400;1085
2021-03-27;1081;Nordjylland;270;1081
2021-03-27;1082;Midtjylland;179;1082
2021-03-27;1083;Syddanmark;2312;1083
2021-03-27;1084;Hovedstaden;45;1084
2021-03-27;1085;Sjælland;249;1085
2021-03-28;1081;Nordjylland;21;1081
2021-03-28;1082;Midtjylland;163;1082
2021-03-28;1083;Syddanmark;2530;1083
2021-03-28;1084;Hovedstaden;39;1084
2021-03-28;1085;Sjælland;14;1085
2021-03-29;1081;Nordjylland;115;1081
2021-03-29;1082;Midtjylland;2381;1082
2021-03-29;1083;Syddanmark;2448;1083
2021-03-29;1084;Hovedstaden;547;1084
2021-03-29;1085;Sjælland;603;1085
2021-03-30;1081;Nordjylland;312;1081
2021-03-30;1082;Midtjylland;2917;1082
2021-03-30;1083;Syddanmark;1957;1083
2021-03-30;1084;Hovedstaden;274;1084
2021-03-30;1085;Sjælland;515;1085
2021-03-31;1081;Nordjylland;1758;1081
2021-03-31;1082;Midtjylland;1629;1082
2021-03-31;1083;Syddanmark;1229;1083
2021-03-31;1084;Hovedstaden;3726;1084
2021-03-31;1085;Sjælland;1233;1085
2021-04-01;1081;Nordjylland;38;1081
2021-04-01;1082;Midtjylland;374;1082
2021-04-01;1083;Syddanmark;795;1083
2021-04-01;1084;Hovedstaden;4619;1084
2021-04-01;1085;Sjælland;994;1085
2021-04-02;1081;Nordjylland;544;1081
2021-04-02;1082;Midtjylland;338;1082
2021-04-02;1083;Syddanmark;1891;1083
2021-04-02;1084;Hovedstaden;3655;1084
2021-04-02;1085;Sjælland;463;1085
2021-04-03;1081;Nordjylland;425;1081
2021-04-03;1082;Midtjylland;46;1082
2021-04-03;1083;Syddanmark;1024;1083
2021-04-03;1084;Hovedstaden;100;1084
2021-04-03;1085;Sjælland;579;1085
2021-04-04;1081;Nordjylland;492;1081
2021-04-04;1082;Midtjylland;55;1082
2021-04-04;1083;Syddanmark;916;1083
2021-04-04;1084;Hovedstaden;50;1084
2021-04-04;1085;Sjælland;253;1085
2021-04-05;1081;Nordjylland;589;1081
2021-04-05;1082;Midtjylland;152;1082
2021-04-05;1083;Syddanmark;518;1083
2021-04-05;1084;Hovedstaden;45;1084
2021-04-05;1085;Sjælland;13;1085
2021-04-06;1081;Nordjylland;126;1081
2021-04-06;1082;Midtjylland;1961;1082
2021-04-06;1083;Syddanmark;1837;1083
2021-04-06;1084;Hovedstaden;208;1084
2021-04-06;1085;Sjælland;1874;1085
2021-04-07;1081;Nordjylland;489;1081
2021-04-07;1082;Midtjylland;3783;1082
2021-04-07;1083;Syddanmark;1524;1083
2021-04-07;1084;Hovedstaden;585;1084
2021-04-07;1085;Sjælland;1737;1085
2021-04-08;1081;Nordjylland;958;1081
2021-04-08;1082;Midtjylland;2420;1082
2021-04-08;1083;Syddanmark;1549;1083
2021-04-08;1084;Hovedstaden;1650;1084
2021-04-08;1085;Sjælland;1871;1085
2021-04-09;1081;Nordjylland;1948;1081
2021-04-09;1082;Midtjylland;1283;1082
2021-04-09;1083;Syddanmark;1670;1083
2021-04-09;1084;Hovedstaden;3356;1084
2021-04-09;1085;Sjælland;334;1085
2021-04-10;1081;Nordjylland;1002;1081
2021-04-10;1082;Midtjylland;734;1082
2021-04-10;1083;Syddanmark;1271;1083
2021-04-10;1084;Hovedstaden;1285;1084
2021-04-10;1085;Sjælland;1118;1085
2021-04-11;1081;Nordjylland;1083;1081
2021-04-11;1082;Midtjylland;786;1082
2021-04-11;1083;Syddanmark;1061;1083
2021-04-11;1084;Hovedstaden;145;1084
2021-04-11;1085;Sjælland;811;1085
2021-04-12;1081;Nordjylland;64;1081
2021-04-12;1082;Midtjylland;1876;1082
2021-04-12;1083;Syddanmark;1536;1083
2021-04-12;1084;Hovedstaden;6804;1084
2021-04-12;1085;Sjælland;1169;1085
2021-04-13;1081;Nordjylland;442;1081
2021-04-13;1082;Midtjylland;1715;1082
2021-04-13;1083;Syddanmark;1209;1083
2021-04-13;1084;Hovedstaden;1071;1084
2021-04-13;1085;Sjælland;1744;1085
2021-04-14;1081;Nordjylland;691;1081
2021-04-14;1082;Midtjylland;2388;1082
2021-04-14;1083;Syddanmark;1524;1083
2021-04-14;1084;Hovedstaden;4507;1084
2021-04-14;1085;Sjælland;1957;1085
2021-04-15;1081;Nordjylland;1461;1081
2021-04-15;1082;Midtjylland;3045;1082
2021-04-15;1083;Syddanmark;1363;1083
2021-04-15;1084;Hovedstaden;1558;1084
2021-04-15;1085;Sjælland;1610;1085
2021-04-16;1081;Nordjylland;932;1081
2021-04-16;1082;Midtjylland;1429;1082
2021-04-16;1083;Syddanmark;1545;1083
2021-04-16;1084;Hovedstaden;2984;1084
2021-04-16;1085;Sjælland;1215;1085
2021-04-17;1081;Nordjylland;19;1081
2021-04-17;1082;Midtjylland;45;1082
2021-04-17;1083;Syddanmark;900;1083
2021-04-17;1084;Hovedstaden;213;1084
2021-04-17;1085;Sjælland;1547;1085
2021-04-18;1081;Nordjylland;2965;1081
2021-04-18;1082;Midtjylland;36;1082
2021-04-18;1083;Syddanmark;622;1083
2021-04-18;1084;Hovedstaden;185;1084
2021-04-18;1085;Sjælland;1302;1085
2021-04-19;1081;Nordjylland;2579;1081
2021-04-19;1082;Midtjylland;4820;1082
2021-04-19;1083;Syddanmark;1540;1083
2021-04-19;1084;Hovedstaden;2061;1084
2021-04-19;1085;Sjælland;3290;1085
2021-04-20;1081;Nordjylland;859;1081
2021-04-20;1082;Midtjylland;4483;1082
2021-04-20;1083;Syddanmark;1760;1083
2021-04-20;1084;Hovedstaden;4966;1084
2021-04-20;1085;Sjælland;4750;1085
2021-04-21;1081;Nordjylland;53;1081
2021-04-21;1082;Midtjylland;5631;1082
2021-04-21;1083;Syddanmark;997;1083
2021-04-21;1084;Hovedstaden;3728;1084
2021-04-21;1085;Sjælland;2244;1085
2021-04-22;1081;Nordjylland;59;1081
2021-04-22;1082;Midtjylland;2631;1082
2021-04-22;1083;Syddanmark;1524;1083
2021-04-22;1084;Hovedstaden;148;1084
2021-04-22;1085;Sjælland;1000;1085
2021-04-23;1081;Nordjylland;51;1081
2021-04-23;1082;Midtjylland;1890;1082
2021-04-23;1083;Syddanmark;1931;1083
2021-04-23;1084;Hovedstaden;6916;1084
2021-04-23;1085;Sjælland;381;1085
2021-04-24;1081;Nordjylland;885;1081
2021-04-24;1082;Midtjylland;78;1082
2021-04-24;1083;Syddanmark;1595;1083
2021-04-24;1084;Hovedstaden;1982;1084
2021-04-24;1085;Sjælland;3025;1085
2021-04-25;1081;Nordjylland;494;1081
2021-04-25;1082;Midtjylland;32;1082
2021-04-25;1083;Syddanmark;916;1083
2021-04-25;1084;Hovedstaden;325;1084
2021-04-25;1085;Sjælland;3505;1085
2021-04-26;1081;Nordjylland;1031;1081
2021-04-26;1082;Midtjylland;815;1082
2021-04-26;1083;Syddanmark;1624;1083
2021-04-26;1084;Hovedstaden;3150;1084
2021-04-26;1085;Sjælland;1226;1085
2021-04-27;1081;Nordjylland;2486;1081
2021-04-27;1082;Midtjylland;3741;1082
2021-04-27;1083;Syddanmark;1958;1083
2021-04-27;1084;Hovedstaden;9631;1084
2021-04-27;1085;Sjælland;3000;1085
2021-04-28;1081;Nordjylland;1730;1081
2021-04-28;1082;Midtjylland;5803;1082
2021-04-28;1083;Syddanmark;3766;1083
2021-04-28;1084;Hovedstaden;8130;1084
2021-04-28;1085;Sjælland;1044;1085
2021-04-29;1081;Nordjylland;1160;1081
2021-04-29;1082;Midtjylland;5465;1082
2021-04-29;1083;Syddanmark;2202;1083
2021-04-29;1084;Hovedstaden;7155;1084
2021-04-29;1085;Sjælland;1878;1085
2021-04-30;1081;Nordjylland;797;1081
2021-04-30;1082;Midtjylland;654;1082
2021-04-30;1083;Syddanmark;1854;1083
2021-04-30;1084;Hovedstaden;237;1084
2021-04-30;1085;Sjælland;413;1085
2021-05-01;1081;Nordjylland;765;1081
2021-05-01;1082;Midtjylland;80;1082
2021-05-01;1083;Syddanmark;2172;1083
2021-05-01;1084;Hovedstaden;485;1084
2021-05-01;1085;Sjælland;2610;1085
2021-05-02;1081;Nordjylland;1171;1081
2021-05-02;1082;Midtjylland;51;1082
2021-05-02;1083;Syddanmark;1968;1083
2021-05-02;1084;Hovedstaden;8525;1084
2021-05-02;1085;Sjælland;2039;1085
2021-05-03;1081;Nordjylland;9817;1081
2021-05-03;1082;Midtjylland;8801;1082
2021-05-03;1083;Syddanmark;4077;1083
2021-05-03;1084;Hovedstaden;7960;1084
2021-05-03;1085;Sjælland;14921;1085
2021-05-04;1081;Nordjylland;1047;1081
2021-05-04;1082;Midtjylland;8334;1082
2021-05-04;1083;Syddanmark;3998;1083
2021-05-04;1084;Hovedstaden;8605;1084
2021-05-04;1085;Sjælland;2729;1085
2021-05-05;1081;Nordjylland;1423;1081
2021-05-05;1082;Midtjylland;8836;1082
2021-05-05;1083;Syddanmark;4207;1083
2021-05-05;1084;Hovedstaden;11945;1084
2021-05-05;1085;Sjælland;2780;1085
2021-05-06;1081;Nordjylland;618;1081
2021-05-06;1082;Midtjylland;7512;1082
2021-05-06;1083;Syddanmark;5119;1083
2021-05-06;1084;Hovedstaden;10003;1084
2021-05-06;1085;Sjælland;2258;1085
2021-05-07;1081;Nordjylland;1370;1081
2021-05-07;1082;Midtjylland;5934;1082
2021-05-07;1083;Syddanmark;5533;1083
2021-05-07;1084;Hovedstaden;7536;1084
2021-05-07;1085;Sjælland;4169;1085
2021-05-08;1081;Nordjylland;1236;1081
2021-05-08;1082;Midtjylland;247;1082
2021-05-08;1083;Syddanmark;3832;1083
2021-05-08;1084;Hovedstaden;19614;1084
2021-05-08;1085;Sjælland;5837;1085
2021-05-09;1081;Nordjylland;1804;1081
2021-05-09;1082;Midtjylland;90;1082
2021-05-09;1083;Syddanmark;2900;1083
2021-05-09;1084;Hovedstaden;8154;1084
2021-05-09;1085;Sjælland;3715;1085
2021-05-10;1081;Nordjylland;4703;1081
2021-05-10;1082;Midtjylland;7065;1082
2021-05-10;1083;Syddanmark;14201;1083
2021-05-10;1084;Hovedstaden;5566;1084
2021-05-10;1085;Sjælland;4533;1085
2021-05-11;1081;Nordjylland;3632;1081
2021-05-11;1082;Midtjylland;7587;1082
2021-05-11;1083;Syddanmark;5716;1083
2021-05-11;1084;Hovedstaden;6158;1084
2021-05-11;1085;Sjælland;3117;1085
2021-05-12;1081;Nordjylland;1968;1081
2021-05-12;1082;Midtjylland;9291;1082
2021-05-12;1083;Syddanmark;6264;1083
2021-05-12;1084;Hovedstaden;5586;1084
2021-05-12;1085;Sjælland;3849;1085
2021-05-13;1081;Nordjylland;1834;1081
2021-05-13;1082;Midtjylland;2679;1082
2021-05-13;1083;Syddanmark;2339;1083
2021-05-13;1084;Hovedstaden;10598;1084
2021-05-13;1085;Sjælland;2223;1085
2021-05-14;1081;Nordjylland;3229;1081
2021-05-14;1082;Midtjylland;9055;1082
2021-05-14;1083;Syddanmark;7015;1083
2021-05-14;1084;Hovedstaden;7789;1084
2021-05-14;1085;Sjælland;3659;1085
2021-05-15;1081;Nordjylland;5352;1081
2021-05-15;1082;Midtjylland;331;1082
2021-05-15;1083;Syddanmark;4619;1083
2021-05-15;1084;Hovedstaden;6854;1084
2021-05-15;1085;Sjælland;2253;1085
2021-05-16;1081;Nordjylland;4545;1081
2021-05-16;1082;Midtjylland;261;1082
2021-05-16;1083;Syddanmark;3839;1083
2021-05-16;1084;Hovedstaden;3457;1084
2021-05-16;1085;Sjælland;1960;1085
2021-05-17;1081;Nordjylland;2720;1081
2021-05-17;1082;Midtjylland;10064;1082
2021-05-17;1083;Syddanmark;6745;1083
2021-05-17;1084;Hovedstaden;7129;1084
2021-05-17;1085;Sjælland;3442;1085
2021-05-18;1081;Nordjylland;2094;1081
2021-05-18;1082;Midtjylland;7803;1082
2021-05-18;1083;Syddanmark;9330;1083
2021-05-18;1084;Hovedstaden;8908;1084
2021-05-18;1085;Sjælland;2609;1085
2021-05-19;1081;Nordjylland;3610;1081
2021-05-19;1082;Midtjylland;6888;1082
2021-05-19;1083;Syddanmark;4815;1083
2021-05-19;1084;Hovedstaden;2781;1084
2021-05-19;1085;Sjælland;4510;1085
2021-05-20;1081;Nordjylland;2188;1081
2021-05-20;1082;Midtjylland;7087;1082
2021-05-20;1083;Syddanmark;5258;1083
2021-05-20;1084;Hovedstaden;5894;1084
2021-05-20;1085;Sjælland;1900;1085
2021-05-21;1081;Nordjylland;1133;1081
2021-05-21;1082;Midtjylland;3200;1082
2021-05-21;1083;Syddanmark;6722;1083
2021-05-21;1084;Hovedstaden;6861;1084
2021-05-21;1085;Sjælland;1340;1085
2021-05-22;1081;Nordjylland;2851;1081
2021-05-22;1082;Midtjylland;126;1082
2021-05-22;1083;Syddanmark;4348;1083
2021-05-22;1084;Hovedstaden;3008;1084
2021-05-22;1085;Sjælland;1557;1085
2021-05-23;1081;Nordjylland;7;1081
2021-05-23;1082;Midtjylland;313;1082
2021-05-23;1083;Syddanmark;3454;1083
2021-05-23;1084;Hovedstaden;1262;1084
2021-05-23;1085;Sjælland;1157;1085
2021-05-24;1081;Nordjylland;2991;1081
2021-05-24;1082;Midtjylland;1178;1082
2021-05-24;1083;Syddanmark;3683;1083
2021-05-24;1084;Hovedstaden;1005;1084
2021-05-24;1085;Sjælland;865;1085
2021-05-25;1081;Nordjylland;76;1081
2021-05-25;1082;Midtjylland;3443;1082
2021-05-25;1083;Syddanmark;6258;1083
2021-05-25;1084;Hovedstaden;2288;1084
2021-05-25;1085;Sjælland;825;1085
2021-05-26;1081;Nordjylland;166;1081
2021-05-26;1082;Midtjylland;2983;1082
2021-05-26;1083;Syddanmark;5383;1083
2021-05-26;1084;Hovedstaden;2817;1084
2021-05-26;1085;Sjælland;782;1085
2021-05-27;1081;Nordjylland;1713;1081
2021-05-27;1082;Midtjylland;2595;1082
2021-05-27;1083;Syddanmark;3450;1083
2021-05-27;1084;Hovedstaden;3051;1084
2021-05-27;1085;Sjælland;1601;1085
2021-05-28;1081;Nordjylland;1964;1081
2021-05-28;1082;Midtjylland;1880;1082
2021-05-28;1083;Syddanmark;2750;1083
2021-05-28;1084;Hovedstaden;1664;1084
2021-05-28;1085;Sjælland;1481;1085
2021-05-29;1081;Nordjylland;311;1081
2021-05-29;1082;Midtjylland;97;1082
2021-05-29;1083;Syddanmark;1673;1083
2021-05-29;1084;Hovedstaden;1793;1084
2021-05-29;1085;Sjælland;1372;1085
2021-05-30;1081;Nordjylland;14;1081
2021-05-30;1082;Midtjylland;100;1082
2021-05-30;1083;Syddanmark;1484;1083
2021-05-30;1084;Hovedstaden;4167;1084
2021-05-30;1085;Sjælland;1205;1085
2021-05-31;1081;Nordjylland;169;1081
2021-05-31;1082;Midtjylland;5639;1082
2021-05-31;1083;Syddanmark;2627;1083
2021-05-31;1084;Hovedstaden;8706;1084
2021-05-31;1085;Sjælland;4344;1085
2021-06-01;1081;Nordjylland;322;1081
2021-06-01;1082;Midtjylland;3297;1082
2021-06-01;1083;Syddanmark;4114;1083
2021-06-01;1084;Hovedstaden;6870;1084
2021-06-01;1085;Sjælland;3061;1085
2021-06-02;1081;Nordjylland;113;1081
2021-06-02;1082;Midtjylland;5025;1082
2021-06-02;1083;Syddanmark;2652;1083
2021-06-02;1084;Hovedstaden;6834;1084
2021-06-02;1085;Sjælland;2741;1085
2021-06-03;1081;Nordjylland;1509;1081
2021-06-03;1082;Midtjylland;6453;1082
2021-06-03;1083;Syddanmark;2579;1083
2021-06-03;1084;Hovedstaden;11234;1084
2021-06-03;1085;Sjælland;1922;1085
2021-06-04;1081;Nordjylland;1200;1081
2021-06-04;1082;Midtjylland;3935;1082
2021-06-04;1083;Syddanmark;3037;1083
2021-06-04;1084;Hovedstaden;2711;1084
2021-06-04;1085;Sjælland;3390;1085
2021-06-05;1081;Nordjylland;2150;1081
2021-06-05;1082;Midtjylland;402;1082
2021-06-05;1083;Syddanmark;1697;1083
2021-06-05;1084;Hovedstaden;1177;1084
2021-06-05;1085;Sjælland;2075;1085
2021-06-06;1081;Nordjylland;1801;1081
2021-06-06;1082;Midtjylland;573;1082
2021-06-06;1083;Syddanmark;1848;1083
2021-06-06;1084;Hovedstaden;8715;1084
2021-06-06;1085;Sjælland;2177;1085
2021-06-07;1081;Nordjylland;682;1081
2021-06-07;1082;Midtjylland;5254;1082
2021-06-07;1083;Syddanmark;2869;1083
2021-06-07;1084;Hovedstaden;11815;1084
2021-06-07;1085;Sjælland;1186;1085
2021-06-08;1081;Nordjylland;3626;1081
2021-06-08;1082;Midtjylland;5909;1082
2021-06-08;1083;Syddanmark;3318;1083
2021-06-08;1084;Hovedstaden;8253;1084
2021-06-08;1085;Sjælland;3526;1085
2021-06-09;1081;Nordjylland;3327;1081
2021-06-09;1082;Midtjylland;4643;1082
2021-06-09;1083;Syddanmark;3856;1083
2021-06-09;1084;Hovedstaden;9224;1084
2021-06-09;1085;Sjælland;3148;1085
2021-06-10;1081;Nordjylland;603;1081
2021-06-10;1082;Midtjylland;7838;1082
2021-06-10;1083;Syddanmark;4441;1083
2021-06-10;1084;Hovedstaden;2450;1084
2021-06-10;1085;Sjælland;2150;1085
2021-06-11;1081;Nordjylland;2711;1081
2021-06-11;1082;Midtjylland;5783;1082
2021-06-11;1083;Syddanmark;4335;1083
2021-06-11;1084;Hovedstaden;2468;1084
2021-06-11;1085;Sjælland;2999;1085
2021-06-12;1081;Nordjylland;3579;1081
2021-06-12;1082;Midtjylland;1803;1082
2021-06-12;1083;Syddanmark;3057;1083
2021-06-12;1084;Hovedstaden;1458;1084
2021-06-12;1085;Sjælland;2963;1085
2021-06-13;1081;Nordjylland;2226;1081
2021-06-13;1082;Midtjylland;749;1082
2021-06-13;1083;Syddanmark;3566;1083
2021-06-13;1084;Hovedstaden;1882;1084
2021-06-13;1085;Sjælland;4910;1085
2021-06-14;1081;Nordjylland;2215;1081
2021-06-14;1082;Midtjylland;11044;1082
2021-06-14;1083;Syddanmark;3327;1083
2021-06-14;1084;Hovedstaden;2105;1084
2021-06-14;1085;Sjælland;3366;1085
2021-06-15;1081;Nordjylland;2286;1081
2021-06-15;1082;Midtjylland;8839;1082
2021-06-15;1083;Syddanmark;4042;1083
2021-06-15;1084;Hovedstaden;1609;1084
2021-06-15;1085;Sjælland;1838;1085
2021-06-16;1081;Nordjylland;1839;1081
2021-06-16;1082;Midtjylland;8112;1082
2021-06-16;1083;Syddanmark;5155;1083
2021-06-16;1084;Hovedstaden;7409;1084
2021-06-16;1085;Sjælland;3450;1085
2021-06-17;1081;Nordjylland;618;1081
2021-06-17;1082;Midtjylland;2884;1082
2021-06-17;1083;Syddanmark;4914;1083
2021-06-17;1084;Hovedstaden;7330;1084
2021-06-17;1085;Sjælland;5874;1085
2021-06-18;1081;Nordjylland;2015;1081
2021-06-18;1082;Midtjylland;5766;1082
2021-06-18;1083;Syddanmark;4662;1083
2021-06-18;1084;Hovedstaden;9808;1084
2021-06-18;1085;Sjælland;4940;1085
2021-06-19;1081;Nordjylland;1512;1081
2021-06-19;1082;Midtjylland;293;1082
2021-06-19;1083;Syddanmark;4148;1083
2021-06-19;1084;Hovedstaden;6847;1084
2021-06-19;1085;Sjælland;5223;1085
2021-06-20;1081;Nordjylland;81;1081
2021-06-20;1082;Midtjylland;344;1082
2021-06-20;1083;Syddanmark;4727;1083
2021-06-20;1084;Hovedstaden;5450;1084
2021-06-20;1085;Sjælland;5104;1085
2021-06-21;1081;Nordjylland;148;1081
2021-06-21;1082;Midtjylland;6235;1082
2021-06-21;1083;Syddanmark;5867;1083
2021-06-21;1084;Hovedstaden;7684;1084
2021-06-21;1085;Sjælland;6066;1085
2021-06-22;1081;Nordjylland;1425;1081
2021-06-22;1082;Midtjylland;6505;1082
2021-06-22;1083;Syddanmark;5932;1083
2021-06-22;1084;Hovedstaden;8059;1084
2021-06-22;1085;Sjælland;5165;1085
2021-06-23;1081;Nordjylland;1887;1081
2021-06-23;1082;Midtjylland;7297;1082
2021-06-23;1083;Syddanmark;6884;1083
2021-06-23;1084;Hovedstaden;11655;1084
2021-06-23;1085;Sjælland;4892;1085
2021-06-24;1081;Nordjylland;2157;1081
2021-06-24;1082;Midtjylland;8262;1082
2021-06-24;1083;Syddanmark;7252;1083
2021-06-24;1084;Hovedstaden;12417;1084
2021-06-24;1085;Sjælland;4387;1085
2021-06-25;1081;Nordjylland;4625;1081
2021-06-25;1082;Midtjylland;8081;1082
2021-06-25;1083;Syddanmark;5557;1083
2021-06-25;1084;Hovedstaden;8160;1084
2021-06-25;1085;Sjælland;6341;1085
2021-06-26;1081;Nordjylland;1891;1081
2021-06-26;1082;Midtjylland;238;1082
2021-06-26;1083;Syddanmark;4401;1083
2021-06-26;1084;Hovedstaden;10569;1084
2021-06-26;1085;Sjælland;5461;1085
2021-06-27;1081;Nordjylland;2783;1081
2021-06-27;1082;Midtjylland;925;1082
2021-06-27;1083;Syddanmark;5194;1083
2021-06-27;1084;Hovedstaden;8921;1084
2021-06-27;1085;Sjælland;6425;1085
2021-06-28;1081;Nordjylland;881;1081
2021-06-28;1082;Midtjylland;3007;1082
2021-06-28;1083;Syddanmark;6764;1083
2021-06-28;1084;Hovedstaden;16310;1084
2021-06-28;1085;Sjælland;7340;1085
2021-06-29;1081;Nordjylland;2055;1081
2021-06-29;1082;Midtjylland;11051;1082
2021-06-29;1083;Syddanmark;5530;1083
2021-06-29;1084;Hovedstaden;16920;1084
2021-06-29;1085;Sjælland;6671;1085
2021-06-30;1081;Nordjylland;1030;1081
2021-06-30;1082;Midtjylland;11843;1082
2021-06-30;1083;Syddanmark;6217;1083
2021-06-30;1084;Hovedstaden;12276;1084
2021-06-30;1085;Sjælland;7234;1085
2021-07-01;1081;Nordjylland;3187;1081
2021-07-01;1082;Midtjylland;12757;1082
2021-07-01;1083;Syddanmark;10127;1083
2021-07-01;1084;Hovedstaden;8432;1084
2021-07-01;1085;Sjælland;6131;1085
2021-07-02;1081;Nordjylland;5157;1081
2021-07-02;1082;Midtjylland;10951;1082
2021-07-02;1083;Syddanmark;9475;1083
2021-07-02;1084;Hovedstaden;12630;1084
2021-07-02;1085;Sjælland;5836;1085
2021-07-03;1081;Nordjylland;6195;1081
2021-07-03;1082;Midtjylland;999;1082
2021-07-03;1083;Syddanmark;5349;1083
2021-07-03;1084;Hovedstaden;15626;1084
2021-07-03;1085;Sjælland;4536;1085
2021-07-04;1081;Nordjylland;5670;1081
2021-07-04;1082;Midtjylland;801;1082
2021-07-04;1083;Syddanmark;5353;1083
2021-07-04;1084;Hovedstaden;13362;1084
2021-07-04;1085;Sjælland;4142;1085
2021-07-05;1081;Nordjylland;4995;1081
2021-07-05;1082;Midtjylland;10494;1082
2021-07-05;1083;Syddanmark;8295;1083
2021-07-05;1084;Hovedstaden;13172;1084
2021-07-05;1085;Sjælland;6121;1085
2021-07-06;1081;Nordjylland;3491;1081
2021-07-06;1082;Midtjylland;12917;1082
2021-07-06;1083;Syddanmark;7641;1083
2021-07-06;1084;Hovedstaden;13003;1084
2021-07-06;1085;Sjælland;5264;1085
2021-07-07;1081;Nordjylland;4436;1081
2021-07-07;1082;Midtjylland;13536;1082
2021-07-07;1083;Syddanmark;8130;1083
2021-07-07;1084;Hovedstaden;7327;1084
2021-07-07;1085;Sjælland;6233;1085
2021-07-08;1081;Nordjylland;3172;1081
2021-07-08;1082;Midtjylland;11432;1082
2021-07-08;1083;Syddanmark;8309;1083
2021-07-08;1084;Hovedstaden;7009;1084
2021-07-08;1085;Sjælland;6974;1085
2021-07-09;1081;Nordjylland;2024;1081
2021-07-09;1082;Midtjylland;9381;1082
2021-07-09;1083;Syddanmark;7796;1083
2021-07-09;1084;Hovedstaden;9167;1084
2021-07-09;1085;Sjælland;4842;1085
2021-07-10;1081;Nordjylland;3673;1081
2021-07-10;1082;Midtjylland;936;1082
2021-07-10;1083;Syddanmark;6436;1083
2021-07-10;1084;Hovedstaden;8452;1084
2021-07-10;1085;Sjælland;2275;1085
2021-07-11;1081;Nordjylland;4830;1081
2021-07-11;1082;Midtjylland;669;1082
2021-07-11;1083;Syddanmark;6848;1083
2021-07-11;1084;Hovedstaden;5353;1084
2021-07-11;1085;Sjælland;4311;1085
2021-07-12;1081;Nordjylland;5772;1081
2021-07-12;1082;Midtjylland;14813;1082
2021-07-12;1083;Syddanmark;8470;1083
2021-07-12;1084;Hovedstaden;15525;1084
2021-07-12;1085;Sjælland;9957;1085
2021-07-13;1081;Nordjylland;4121;1081
2021-07-13;1082;Midtjylland;13280;1082
2021-07-13;1083;Syddanmark;8325;1083
2021-07-13;1084;Hovedstaden;15894;1084
2021-07-13;1085;Sjælland;8052;1085
2021-07-14;1081;Nordjylland;4412;1081
2021-07-14;1082;Midtjylland;13812;1082
2021-07-14;1083;Syddanmark;7502;1083
2021-07-14;1084;Hovedstaden;11443;1084
2021-07-14;1085;Sjælland;7569;1085
2021-07-15;1081;Nordjylland;6903;1081
2021-07-15;1082;Midtjylland;16472;1082
2021-07-15;1083;Syddanmark;8892;1083
2021-07-15;1084;Hovedstaden;14060;1084
2021-07-15;1085;Sjælland;7170;1085
2021-07-16;1081;Nordjylland;4290;1081
2021-07-16;1082;Midtjylland;12152;1082
2021-07-16;1083;Syddanmark;9464;1083
2021-07-16;1084;Hovedstaden;13123;1084
2021-07-16;1085;Sjælland;4456;1085
2021-07-17;1081;Nordjylland;3789;1081
2021-07-17;1082;Midtjylland;1105;1082
2021-07-17;1083;Syddanmark;7043;1083
2021-07-17;1084;Hovedstaden;12430;1084
2021-07-17;1085;Sjælland;2042;1085
2021-07-18;1081;Nordjylland;5228;1081
2021-07-18;1082;Midtjylland;1644;1082
2021-07-18;1083;Syddanmark;7234;1083
2021-07-18;1084;Hovedstaden;16983;1084
2021-07-18;1085;Sjælland;2803;1085
2021-07-19;1081;Nordjylland;5049;1081
2021-07-19;1082;Midtjylland;10907;1082
2021-07-19;1083;Syddanmark;11520;1083
2021-07-19;1084;Hovedstaden;18959;1084
2021-07-19;1085;Sjælland;8139;1085
2021-07-20;1081;Nordjylland;3640;1081
2021-07-20;1082;Midtjylland;13308;1082
2021-07-20;1083;Syddanmark;9994;1083
2021-07-20;1084;Hovedstaden;19257;1084
2021-07-20;1085;Sjælland;10278;1085
2021-07-21;1081;Nordjylland;3962;1081
2021-07-21;1082;Midtjylland;13612;1082
2021-07-21;1083;Syddanmark;9948;1083
2021-07-21;1084;Hovedstaden;18324;1084
2021-07-21;1085;Sjælland;9227;1085
2021-07-22;1081;Nordjylland;4374;1081
2021-07-22;1082;Midtjylland;15426;1082
2021-07-22;1083;Syddanmark;9847;1083
2021-07-22;1084;Hovedstaden;16001;1084
2021-07-22;1085;Sjælland;6096;1085
2021-07-23;1081;Nordjylland;3580;1081
2021-07-23;1082;Midtjylland;9562;1082
2021-07-23;1083;Syddanmark;9549;1083
2021-07-23;1084;Hovedstaden;15135;1084
2021-07-23;1085;Sjælland;5797;1085
2021-07-24;1081;Nordjylland;3221;1081
2021-07-24;1082;Midtjylland;1662;1082
2021-07-24;1083;Syddanmark;6053;1083
2021-07-24;1084;Hovedstaden;11237;1084
2021-07-24;1085;Sjælland;1513;1085
2021-07-25;1081;Nordjylland;4951;1081
2021-07-25;1082;Midtjylland;5152;1082
2021-07-25;1083;Syddanmark;6375;1083
2021-07-25;1084;Hovedstaden;12795;1084
2021-07-25;1085;Sjælland;2278;1085
2021-07-26;1081;Nordjylland;5058;1081
2021-07-26;1082;Midtjylland;11604;1082
2021-07-26;1083;Syddanmark;8326;1083
2021-07-26;1084;Hovedstaden;10632;1084
2021-07-26;1085;Sjælland;6428;1085
2021-07-27;1081;Nordjylland;2748;1081
2021-07-27;1082;Midtjylland;12983;1082
2021-07-27;1083;Syddanmark;9125;1083
2021-07-27;1084;Hovedstaden;13222;1084
2021-07-27;1085;Sjælland;6703;1085
2021-07-28;1081;Nordjylland;4667;1081
2021-07-28;1082;Midtjylland;11806;1082
2021-07-28;1083;Syddanmark;7626;1083
2021-07-28;1084;Hovedstaden;12671;1084
2021-07-28;1085;Sjælland;6524;1085
2021-07-29;1081;Nordjylland;4171;1081
2021-07-29;1082;Midtjylland;10614;1082
2021-07-29;1083;Syddanmark;7523;1083
2021-07-29;1084;Hovedstaden;10098;1084
2021-07-29;1085;Sjælland;6625;1085
2021-07-30;1081;Nordjylland;5724;1081
2021-07-30;1082;Midtjylland;8760;1082
2021-07-30;1083;Syddanmark;7624;1083
2021-07-30;1084;Hovedstaden;9483;1084
2021-07-30;1085;Sjælland;3185;1085
2021-07-31;1081;Nordjylland;6274;1081
2021-07-31;1082;Midtjylland;1105;1082
2021-07-31;1083;Syddanmark;3955;1083
2021-07-31;1084;Hovedstaden;7686;1084
2021-07-31;1085;Sjælland;1013;1085
2021-08-01;1081;Nordjylland;5689;1081
2021-08-01;1082;Midtjylland;1125;1082
2021-08-01;1083;Syddanmark;3683;1083
2021-08-01;1084;Hovedstaden;6596;1084
2021-08-01;1085;Sjælland;2102;1085
2021-08-02;1081;Nordjylland;4076;1081
2021-08-02;1082;Midtjylland;13202;1082
2021-08-02;1083;Syddanmark;8268;1083
2021-08-02;1084;Hovedstaden;9274;1084
2021-08-02;1085;Sjælland;5836;1085
2021-08-03;1081;Nordjylland;3746;1081
2021-08-03;1082;Midtjylland;11192;1082
2021-08-03;1083;Syddanmark;9535;1083
2021-08-03;1084;Hovedstaden;13049;1084
2021-08-03;1085;Sjælland;5540;1085
2021-08-04;1081;Nordjylland;3897;1081
2021-08-04;1082;Midtjylland;10424;1082
2021-08-04;1083;Syddanmark;9295;1083
2021-08-04;1084;Hovedstaden;12950;1084
2021-08-04;1085;Sjælland;7985;1085
2021-08-05;1081;Nordjylland;4290;1081
2021-08-05;1082;Midtjylland;11668;1082
2021-08-05;1083;Syddanmark;7686;1083
2021-08-05;1084;Hovedstaden;10263;1084
2021-08-05;1085;Sjælland;5963;1085
2021-08-06;1081;Nordjylland;3579;1081
2021-08-06;1082;Midtjylland;9419;1082
2021-08-06;1083;Syddanmark;8286;1083
2021-08-06;1084;Hovedstaden;11742;1084
2021-08-06;1085;Sjælland;6925;1085
2021-08-07;1081;Nordjylland;2075;1081
2021-08-07;1082;Midtjylland;4553;1082
2021-08-07;1083;Syddanmark;3679;1083
2021-08-07;1084;Hovedstaden;13006;1084
2021-08-07;1085;Sjælland;3609;1085
2021-08-08;1081;Nordjylland;3543;1081
2021-08-08;1082;Midtjylland;5657;1082
2021-08-08;1083;Syddanmark;4622;1083
2021-08-08;1084;Hovedstaden;17363;1084
2021-08-08;1085;Sjælland;4689;1085
2021-08-09;1081;Nordjylland;3980;1081
2021-08-09;1082;Midtjylland;15555;1082
2021-08-09;1083;Syddanmark;10938;1083
2021-08-09;1084;Hovedstaden;16536;1084
2021-08-09;1085;Sjælland;8392;1085
2021-08-10;1081;Nordjylland;5376;1081
2021-08-10;1082;Midtjylland;15118;1082
2021-08-10;1083;Syddanmark;11948;1083
2021-08-10;1084;Hovedstaden;14517;1084
2021-08-10;1085;Sjælland;7740;1085
2021-08-11;1081;Nordjylland;7043;1081
2021-08-11;1082;Midtjylland;15411;1082
2021-08-11;1083;Syddanmark;11519;1083
2021-08-11;1084;Hovedstaden;15934;1084
2021-08-11;1085;Sjælland;7592;1085
2021-08-12;1081;Nordjylland;5050;1081
2021-08-12;1082;Midtjylland;13109;1082
2021-08-12;1083;Syddanmark;11870;1083
2021-08-12;1084;Hovedstaden;14159;1084
2021-08-12;1085;Sjælland;5897;1085
2021-08-13;1081;Nordjylland;5835;1081
2021-08-13;1082;Midtjylland;10074;1082
2021-08-13;1083;Syddanmark;12416;1083
2021-08-13;1084;Hovedstaden;13322;1084
2021-08-13;1085;Sjælland;5224;1085
2021-08-14;1081;Nordjylland;6578;1081
2021-08-14;1082;Midtjylland;4741;1082
2021-08-14;1083;Syddanmark;6982;1083
2021-08-14;1084;Hovedstaden;14044;1084
2021-08-14;1085;Sjælland;2959;1085
2021-08-15;1081;Nordjylland;7072;1081
2021-08-15;1082;Midtjylland;5731;1082
2021-08-15;1083;Syddanmark;7256;1083
2021-08-15;1084;Hovedstaden;13650;1084
2021-08-15;1085;Sjælland;3723;1085
2021-08-16;1081;Nordjylland;3193;1081
2021-08-16;1082;Midtjylland;14669;1082
2021-08-16;1083;Syddanmark;11699;1083
2021-08-16;1084;Hovedstaden;11174;1084
2021-08-16;1085;Sjælland;4295;1085
2021-08-17;1081;Nordjylland;3590;1081
2021-08-17;1082;Midtjylland;12531;1082
2021-08-17;1083;Syddanmark;9821;1083
2021-08-17;1084;Hovedstaden;8719;1084
2021-08-17;1085;Sjælland;3016;1085
2021-08-18;1081;Nordjylland;4298;1081
2021-08-18;1082;Midtjylland;8664;1082
2021-08-18;1083;Syddanmark;11131;1083
2021-08-18;1084;Hovedstaden;9188;1084
2021-08-18;1085;Sjælland;3314;1085
2021-08-19;1081;Nordjylland;1859;1081
2021-08-19;1082;Midtjylland;8986;1082
2021-08-19;1083;Syddanmark;8447;1083
2021-08-19;1084;Hovedstaden;5119;1084
2021-08-19;1085;Sjælland;2085;1085
2021-08-20;1081;Nordjylland;3839;1081
2021-08-20;1082;Midtjylland;10112;1082
2021-08-20;1083;Syddanmark;8583;1083
2021-08-20;1084;Hovedstaden;4219;1084
2021-08-20;1085;Sjælland;2006;1085
2021-08-21;1081;Nordjylland;3642;1081
2021-08-21;1082;Midtjylland;3167;1082
2021-08-21;1083;Syddanmark;5173;1083
2021-08-21;1084;Hovedstaden;5769;1084
2021-08-21;1085;Sjælland;1937;1085
2021-08-22;1081;Nordjylland;3205;1081
2021-08-22;1082;Midtjylland;1428;1082
2021-08-22;1083;Syddanmark;4740;1083
2021-08-22;1084;Hovedstaden;4522;1084
2021-08-22;1085;Sjælland;2282;1085
2021-08-23;1081;Nordjylland;3146;1081
2021-08-23;1082;Midtjylland;9773;1082
2021-08-23;1083;Syddanmark;7517;1083
2021-08-23;1084;Hovedstaden;7206;1084
2021-08-23;1085;Sjælland;2731;1085
2021-08-24;1081;Nordjylland;3042;1081
2021-08-24;1082;Midtjylland;8520;1082
2021-08-24;1083;Syddanmark;7149;1083
2021-08-24;1084;Hovedstaden;7719;1084
2021-08-24;1085;Sjælland;2257;1085
2021-08-25;1081;Nordjylland;2092;1081
2021-08-25;1082;Midtjylland;5953;1082
2021-08-25;1083;Syddanmark;4931;1083
2021-08-25;1084;Hovedstaden;3731;1084
2021-08-25;1085;Sjælland;2060;1085
2021-08-26;1081;Nordjylland;1224;1081
2021-08-26;1082;Midtjylland;6284;1082
2021-08-26;1083;Syddanmark;4730;1083
2021-08-26;1084;Hovedstaden;4389;1084
2021-08-26;1085;Sjælland;1791;1085
2021-08-27;1081;Nordjylland;1577;1081
2021-08-27;1082;Midtjylland;6944;1082
2021-08-27;1083;Syddanmark;5315;1083
2021-08-27;1084;Hovedstaden;4649;1084
2021-08-27;1085;Sjælland;1910;1085
2021-08-28;1081;Nordjylland;1784;1081
2021-08-28;1082;Midtjylland;893;1082
2021-08-28;1083;Syddanmark;2768;1083
2021-08-28;1084;Hovedstaden;3260;1084
2021-08-28;1085;Sjælland;1326;1085
2021-08-29;1081;Nordjylland;1408;1081
2021-08-29;1082;Midtjylland;695;1082
2021-08-29;1083;Syddanmark;2793;1083
2021-08-29;1084;Hovedstaden;5109;1084
2021-08-29;1085;Sjælland;1728;1085
2021-08-30;1081;Nordjylland;1547;1081
2021-08-30;1082;Midtjylland;7244;1082
2021-08-30;1083;Syddanmark;6772;1083
2021-08-30;1084;Hovedstaden;6971;1084
2021-08-30;1085;Sjælland;2024;1085
2021-08-31;1081;Nordjylland;2325;1081
2021-08-31;1082;Midtjylland;4607;1082
2021-08-31;1083;Syddanmark;3458;1083
2021-08-31;1084;Hovedstaden;5133;1084
2021-08-31;1085;Sjælland;1618;1085
2021-09-01;1081;Nordjylland;342;1081
2021-09-01;1082;Midtjylland;3793;1082
2021-09-01;1083;Syddanmark;2059;1083
2021-09-01;1084;Hovedstaden;3346;1084
2021-09-01;1085;Sjælland;1059;1085
2021-09-02;1081;Nordjylland;175;1081
2021-09-02;1082;Midtjylland;3164;1082
2021-09-02;1083;Syddanmark;2352;1083
2021-09-02;1084;Hovedstaden;3227;1084
2021-09-02;1085;Sjælland;1163;1085
2021-09-03;1081;Nordjylland;450;1081
2021-09-03;1082;Midtjylland;3441;1082
2021-09-03;1083;Syddanmark;2449;1083
2021-09-03;1084;Hovedstaden;1540;1084
2021-09-03;1085;Sjælland;980;1085
2021-09-04;1081;Nordjylland;1269;1081
2021-09-04;1082;Midtjylland;944;1082
2021-09-04;1083;Syddanmark;1521;1083
2021-09-04;1084;Hovedstaden;2260;1084
2021-09-04;1085;Sjælland;1284;1085
2021-09-05;1081;Nordjylland;775;1081
2021-09-05;1082;Midtjylland;431;1082
2021-09-05;1083;Syddanmark;1008;1083
2021-09-05;1084;Hovedstaden;2793;1084
2021-09-05;1085;Sjælland;966;1085
2021-09-06;1081;Nordjylland;146;1081
2021-09-06;1082;Midtjylland;2854;1082
2021-09-06;1083;Syddanmark;2431;1083
2021-09-06;1084;Hovedstaden;2837;1084
2021-09-06;1085;Sjælland;1158;1085
2021-09-07;1081;Nordjylland;324;1081
2021-09-07;1082;Midtjylland;2296;1082
2021-09-07;1083;Syddanmark;1696;1083
2021-09-07;1084;Hovedstaden;2740;1084
2021-09-07;1085;Sjælland;949;1085
2021-09-08;1081;Nordjylland;475;1081
2021-09-08;1082;Midtjylland;2140;1082
2021-09-08;1083;Syddanmark;1578;1083
2021-09-08;1084;Hovedstaden;1771;1084
2021-09-08;1085;Sjælland;865;1085
2021-09-09;1081;Nordjylland;82;1081
2021-09-09;1082;Midtjylland;1276;1082
2021-09-09;1083;Syddanmark;2269;1083
2021-09-09;1084;Hovedstaden;1863;1084
2021-09-09;1085;Sjælland;710;1085
2021-09-10;1081;Nordjylland;367;1081
2021-09-10;1082;Midtjylland;2591;1082
2021-09-10;1083;Syddanmark;1729;1083
2021-09-10;1084;Hovedstaden;1876;1084
2021-09-10;1085;Sjælland;995;1085
2021-09-11;1081;Nordjylland;1747;1081
2021-09-11;1082;Midtjylland;461;1082
2021-09-11;1083;Syddanmark;1082;1083
2021-09-11;1084;Hovedstaden;1720;1084
2021-09-11;1085;Sjælland;771;1085
2021-09-12;1081;Nordjylland;1214;1081
2021-09-12;1082;Midtjylland;340;1082
2021-09-12;1083;Syddanmark;843;1083
2021-09-12;1084;Hovedstaden;1950;1084
2021-09-12;1085;Sjælland;557;1085
2021-09-13;1081;Nordjylland;25;1081
2021-09-13;1082;Midtjylland;1701;1082
2021-09-13;1083;Syddanmark;1460;1083
2021-09-13;1084;Hovedstaden;2665;1084
2021-09-13;1085;Sjælland;879;1085
2021-09-14;1081;Nordjylland;288;1081
2021-09-14;1082;Midtjylland;1387;1082
2021-09-14;1083;Syddanmark;1209;1083
2021-09-14;1084;Hovedstaden;1747;1084
2021-09-14;1085;Sjælland;893;1085
2021-09-15;1081;Nordjylland;231;1081
2021-09-15;1082;Midtjylland;1836;1082
2021-09-15;1083;Syddanmark;1313;1083
2021-09-15;1084;Hovedstaden;1504;1084
2021-09-15;1085;Sjælland;815;1085
2021-09-16;1081;Nordjylland;667;1081
2021-09-16;1082;Midtjylland;795;1082
2021-09-16;1083;Syddanmark;1166;1083
2021-09-16;1084;Hovedstaden;1370;1084
2021-09-16;1085;Sjælland;710;1085
2021-09-17;1081;Nordjylland;264;1081
2021-09-17;1082;Midtjylland;1344;1082
2021-09-17;1083;Syddanmark;1049;1083
2021-09-17;1084;Hovedstaden;1518;1084
2021-09-17;1085;Sjælland;743;1085
2021-09-18;1081;Nordjylland;1115;1081
2021-09-18;1082;Midtjylland;34;1082
2021-09-18;1083;Syddanmark;820;1083
2021-09-18;1084;Hovedstaden;1354;1084
2021-09-18;1085;Sjælland;360;1085
2021-09-19;1081;Nordjylland;756;1081
2021-09-19;1082;Midtjylland;34;1082
2021-09-19;1083;Syddanmark;705;1083
2021-09-19;1084;Hovedstaden;1316;1084
2021-09-19;1085;Sjælland;280;1085
2021-09-20;1081;Nordjylland;542;1081
2021-09-20;1082;Midtjylland;2044;1082
2021-09-20;1083;Syddanmark;1310;1083
2021-09-20;1084;Hovedstaden;1748;1084
2021-09-20;1085;Sjælland;574;1085
2021-09-21;1081;Nordjylland;461;1081
2021-09-21;1082;Midtjylland;1028;1082
2021-09-21;1083;Syddanmark;1145;1083
2021-09-21;1084;Hovedstaden;1535;1084
2021-09-21;1085;Sjælland;500;1085
2021-09-22;1081;Nordjylland;46;1081
2021-09-22;1082;Midtjylland;1304;1082
2021-09-22;1083;Syddanmark;862;1083
2021-09-22;1084;Hovedstaden;1208;1084
2021-09-22;1085;Sjælland;585;1085
2021-09-23;1081;Nordjylland;53;1081
2021-09-23;1082;Midtjylland;920;1082
2021-09-23;1083;Syddanmark;898;1083
2021-09-23;1084;Hovedstaden;1180;1084
2021-09-23;1085;Sjælland;463;1085
2021-09-24;1081;Nordjylland;13;1081
2021-09-24;1082;Midtjylland;1151;1082
2021-09-24;1083;Syddanmark;628;1083
2021-09-24;1084;Hovedstaden;1282;1084
2021-09-24;1085;Sjælland;492;1085
2021-09-25;1081;Nordjylland;530;1081
2021-09-25;1082;Midtjylland;40;1082
2021-09-25;1083;Syddanmark;321;1083
2021-09-25;1084;Hovedstaden;1144;1084
2021-09-25;1085;Sjælland;288;1085
2021-09-26;1081;Nordjylland;798;1081
2021-09-26;1082;Midtjylland;33;1082
2021-09-26;1083;Syddanmark;340;1083
2021-09-26;1084;Hovedstaden;1356;1084
2021-09-26;1085;Sjælland;261;1085
2021-09-27;1081;Nordjylland;128;1081
2021-09-27;1082;Midtjylland;737;1082
2021-09-27;1083;Syddanmark;809;1083
2021-09-27;1084;Hovedstaden;1142;1084
2021-09-27;1085;Sjælland;497;1085
2021-09-28;1081;Nordjylland;229;1081
2021-09-28;1082;Midtjylland;948;1082
2021-09-28;1083;Syddanmark;774;1083
2021-09-28;1084;Hovedstaden;1006;1084
2021-09-28;1085;Sjælland;412;1085
2021-09-29;1081;Nordjylland;317;1081
2021-09-29;1082;Midtjylland;992;1082
2021-09-29;1083;Syddanmark;730;1083
2021-09-29;1084;Hovedstaden;884;1084
2021-09-29;1085;Sjælland;391;1085
2021-09-30;1081;Nordjylland;172;1081
2021-09-30;1082;Midtjylland;526;1082
2021-09-30;1083;Syddanmark;747;1083
2021-09-30;1084;Hovedstaden;849;1084
2021-09-30;1085;Sjælland;312;1085
2021-10-01;1081;Nordjylland;9;1081
2021-10-01;1082;Midtjylland;729;1082
2021-10-01;1083;Syddanmark;503;1083
2021-10-01;1084;Hovedstaden;904;1084
2021-10-01;1085;Sjælland;338;1085
2021-10-02;1081;Nordjylland;19;1081
2021-10-02;1082;Midtjylland;29;1082
2021-10-02;1083;Syddanmark;275;1083
2021-10-02;1084;Hovedstaden;1030;1084
2021-10-02;1085;Sjælland;234;1085
2021-10-03;1081;Nordjylland;594;1081
2021-10-03;1082;Midtjylland;16;1082
2021-10-03;1083;Syddanmark;217;1083
2021-10-03;1084;Hovedstaden;111;1084
2021-10-03;1085;Sjælland;190;1085
2021-10-04;1081;Nordjylland;41;1081
2021-10-04;1082;Midtjylland;552;1082
2021-10-04;1083;Syddanmark;508;1083
2021-10-04;1084;Hovedstaden;248;1084
2021-10-04;1085;Sjælland;300;1085
2021-10-05;1081;Nordjylland;104;1081
2021-10-05;1082;Midtjylland;587;1082
2021-10-05;1083;Syddanmark;485;1083
2021-10-05;1084;Hovedstaden;942;1084
2021-10-05;1085;Sjælland;223;1085
2021-10-06;1081;Nordjylland;46;1081
2021-10-06;1082;Midtjylland;485;1082
2021-10-06;1083;Syddanmark;497;1083
2021-10-06;1084;Hovedstaden;1035;1084
2021-10-06;1085;Sjælland;327;1085
2021-10-07;1081;Nordjylland;43;1081
2021-10-07;1082;Midtjylland;484;1082
2021-10-07;1083;Syddanmark;401;1083
2021-10-07;1084;Hovedstaden;707;1084
2021-10-07;1085;Sjælland;177;1085
2021-10-08;1081;Nordjylland;29;1081
2021-10-08;1082;Midtjylland;580;1082
2021-10-08;1083;Syddanmark;439;1083
2021-10-08;1084;Hovedstaden;664;1084
2021-10-08;1085;Sjælland;280;1085
2021-10-09;1081;Nordjylland;357;1081
2021-10-09;1082;Midtjylland;26;1082
2021-10-09;1083;Syddanmark;246;1083
2021-10-09;1084;Hovedstaden;859;1084
2021-10-09;1085;Sjælland;179;1085
2021-10-10;1081;Nordjylland;419;1081
2021-10-10;1082;Midtjylland;20;1082
2021-10-10;1083;Syddanmark;209;1083
2021-10-10;1084;Hovedstaden;41;1084
2021-10-10;1085;Sjælland;148;1085
2021-10-11;1081;Nordjylland;69;1081
2021-10-11;1082;Midtjylland;517;1082
2021-10-11;1083;Syddanmark;389;1083
2021-10-11;1084;Hovedstaden;212;1084
2021-10-11;1085;Sjælland;194;1085
2021-10-12;1081;Nordjylland;182;1081
2021-10-12;1082;Midtjylland;493;1082
2021-10-12;1083;Syddanmark;397;1083
2021-10-12;1084;Hovedstaden;1013;1084
2021-10-12;1085;Sjælland;182;1085
2021-10-13;1081;Nordjylland;62;1081
2021-10-13;1082;Midtjylland;430;1082
2021-10-13;1083;Syddanmark;309;1083
2021-10-13;1084;Hovedstaden;946;1084
2021-10-13;1085;Sjælland;239;1085
2021-10-14;1081;Nordjylland;88;1081
2021-10-14;1082;Midtjylland;463;1082
2021-10-14;1083;Syddanmark;272;1083
2021-10-14;1084;Hovedstaden;671;1084
2021-10-14;1085;Sjælland;148;1085
2021-10-15;1081;Nordjylland;50;1081
2021-10-15;1082;Midtjylland;438;1082
2021-10-15;1083;Syddanmark;374;1083
2021-10-15;1084;Hovedstaden;685;1084
2021-10-15;1085;Sjælland;190;1085
2021-10-16;1081;Nordjylland;6;1081
2021-10-16;1082;Midtjylland;8;1082
2021-10-16;1083;Syddanmark;190;1083
2021-10-16;1084;Hovedstaden;721;1084
2021-10-16;1085;Sjælland;132;1085
2021-10-17;1081;Nordjylland;432;1081
2021-10-17;1082;Midtjylland;21;1082
2021-10-17;1083;Syddanmark;135;1083
2021-10-17;1084;Hovedstaden;26;1084
2021-10-17;1085;Sjælland;92;1085
2021-10-18;1081;Nordjylland;110;1081
2021-10-18;1082;Midtjylland;362;1082
2021-10-18;1083;Syddanmark;268;1083
2021-10-18;1084;Hovedstaden;150;1084
2021-10-18;1085;Sjælland;148;1085
2021-10-19;1081;Nordjylland;102;1081
2021-10-19;1082;Midtjylland;394;1082
2021-10-19;1083;Syddanmark;258;1083
2021-10-19;1084;Hovedstaden;767;1084
2021-10-19;1085;Sjælland;136;1085
2021-10-20;1081;Nordjylland;92;1081
2021-10-20;1082;Midtjylland;393;1082
2021-10-20;1083;Syddanmark;202;1083
2021-10-20;1084;Hovedstaden;653;1084
2021-10-20;1085;Sjælland;222;1085
2021-10-21;1081;Nordjylland;100;1081
2021-10-21;1082;Midtjylland;335;1082
2021-10-21;1083;Syddanmark;217;1083
2021-10-21;1084;Hovedstaden;495;1084
2021-10-21;1085;Sjælland;124;1085
2021-10-22;1081;Nordjylland;36;1081
2021-10-22;1082;Midtjylland;347;1082
2021-10-22;1083;Syddanmark;280;1083
2021-10-22;1084;Hovedstaden;560;1084
2021-10-22;1085;Sjælland;166;1085
2021-10-23;1081;Nordjylland;57;1081
2021-10-23;1082;Midtjylland;15;1082
2021-10-23;1083;Syddanmark;190;1083
2021-10-23;1084;Hovedstaden;602;1084
2021-10-23;1085;Sjælland;104;1085
2021-10-24;1081;Nordjylland;257;1081
2021-10-24;1082;Midtjylland;8;1082
2021-10-24;1083;Syddanmark;164;1083
2021-10-24;1084;Hovedstaden;43;1084
2021-10-24;1085;Sjælland;107;1085
2021-10-25;1081;Nordjylland;95;1081
2021-10-25;1082;Midtjylland;397;1082
2021-10-25;1083;Syddanmark;275;1083
2021-10-25;1084;Hovedstaden;257;1084
2021-10-25;1085;Sjælland;197;1085
2021-10-26;1081;Nordjylland;130;1081
2021-10-26;1082;Midtjylland;531;1082
2021-10-26;1083;Syddanmark;288;1083
2021-10-26;1084;Hovedstaden;549;1084
2021-10-26;1085;Sjælland;143;1085
2021-10-27;1081;Nordjylland;103;1081
2021-10-27;1082;Midtjylland;394;1082
2021-10-27;1083;Syddanmark;306;1083
2021-10-27;1084;Hovedstaden;616;1084
2021-10-27;1085;Sjælland;304;1085
2021-10-28;1081;Nordjylland;121;1081
2021-10-28;1082;Midtjylland;389;1082
2021-10-28;1083;Syddanmark;275;1083
2021-10-28;1084;Hovedstaden;479;1084
2021-10-28;1085;Sjælland;157;1085
2021-10-29;1081;Nordjylland;55;1081
2021-10-29;1082;Midtjylland;500;1082
2021-10-29;1083;Syddanmark;336;1083
2021-10-29;1084;Hovedstaden;479;1084
2021-10-29;1085;Sjælland;167;1085
2021-10-30;1081;Nordjylland;72;1081
2021-10-30;1082;Midtjylland;14;1082
2021-10-30;1083;Syddanmark;229;1083
2021-10-30;1084;Hovedstaden;451;1084
2021-10-30;1085;Sjælland;127;1085
2021-10-31;1081;Nordjylland;189;1081
2021-10-31;1082;Midtjylland;15;1082
2021-10-31;1083;Syddanmark;217;1083
2021-10-31;1084;Hovedstaden;43;1084
2021-10-31;1085;Sjælland;98;1085
2021-11-01;1081;Nordjylland;102;1081
2021-11-01;1082;Midtjylland;390;1082
2021-11-01;1083;Syddanmark;176;1083
2021-11-01;1084;Hovedstaden;401;1084
2021-11-01;1085;Sjælland;116;1085
2021-11-02;1081;Nordjylland;116;1081
2021-11-02;1082;Midtjylland;346;1082
2021-11-02;1083;Syddanmark;210;1083
2021-11-02;1084;Hovedstaden;561;1084
2021-11-02;1085;Sjælland;110;1085
2021-11-03;1081;Nordjylland;95;1081
2021-11-03;1082;Midtjylland;345;1082
2021-11-03;1083;Syddanmark;233;1083
2021-11-03;1084;Hovedstaden;552;1084
2021-11-03;1085;Sjælland;249;1085
2021-11-04;1081;Nordjylland;106;1081
2021-11-04;1082;Midtjylland;268;1082
2021-11-04;1083;Syddanmark;214;1083
2021-11-04;1084;Hovedstaden;439;1084
2021-11-04;1085;Sjælland;113;1085
2021-11-05;1081;Nordjylland;65;1081
2021-11-05;1082;Midtjylland;398;1082
2021-11-05;1083;Syddanmark;255;1083
2021-11-05;1084;Hovedstaden;544;1084
2021-11-05;1085;Sjælland;148;1085
2021-11-06;1081;Nordjylland;53;1081
2021-11-06;1082;Midtjylland;47;1082
2021-11-06;1083;Syddanmark;180;1083
2021-11-06;1084;Hovedstaden;448;1084
2021-11-06;1085;Sjælland;117;1085
2021-11-07;1081;Nordjylland;156;1081
2021-11-07;1082;Midtjylland;8;1082
2021-11-07;1083;Syddanmark;119;1083
2021-11-07;1084;Hovedstaden;43;1084
2021-11-07;1085;Sjælland;104;1085
2021-11-08;1081;Nordjylland;63;1081
2021-11-08;1082;Midtjylland;372;1082
2021-11-08;1083;Syddanmark;249;1083
2021-11-08;1084;Hovedstaden;393;1084
2021-11-08;1085;Sjælland;171;1085
2021-11-09;1081;Nordjylland;141;1081
2021-11-09;1082;Midtjylland;360;1082
2021-11-09;1083;Syddanmark;388;1083
2021-11-09;1084;Hovedstaden;604;1084
2021-11-09;1085;Sjælland;197;1085
2021-11-10;1081;Nordjylland;73;1081
2021-11-10;1082;Midtjylland;542;1082
2021-11-10;1083;Syddanmark;373;1083
2021-11-10;1084;Hovedstaden;652;1084
2021-11-10;1085;Sjælland;296;1085
2021-11-11;1081;Nordjylland;129;1081
2021-11-11;1082;Midtjylland;415;1082
2021-11-11;1083;Syddanmark;337;1083
2021-11-11;1084;Hovedstaden;605;1084
2021-11-11;1085;Sjælland;176;1085
2021-11-12;1081;Nordjylland;78;1081
2021-11-12;1082;Midtjylland;524;1082
2021-11-12;1083;Syddanmark;410;1083
2021-11-12;1084;Hovedstaden;569;1084
2021-11-12;1085;Sjælland;271;1085
2021-11-13;1081;Nordjylland;94;1081
2021-11-13;1082;Midtjylland;150;1082
2021-11-13;1083;Syddanmark;200;1083
2021-11-13;1084;Hovedstaden;516;1084
2021-11-13;1085;Sjælland;173;1085
2021-11-14;1081;Nordjylland;234;1081
2021-11-14;1082;Midtjylland;19;1082
2021-11-14;1083;Syddanmark;277;1083
2021-11-14;1084;Hovedstaden;42;1084
2021-11-14;1085;Sjælland;146;1085
2021-11-15;1081;Nordjylland;171;1081
2021-11-15;1082;Midtjylland;549;1082
2021-11-15;1083;Syddanmark;349;1083
2021-11-15;1084;Hovedstaden;590;1084
2021-11-15;1085;Sjælland;245;1085
2021-11-16;1081;Nordjylland;194;1081
2021-11-16;1082;Midtjylland;437;1082
2021-11-16;1083;Syddanmark;431;1083
2021-11-16;1084;Hovedstaden;584;1084
2021-11-16;1085;Sjælland;156;1085
2021-11-17;1081;Nordjylland;113;1081
2021-11-17;1082;Midtjylland;473;1082
2021-11-17;1083;Syddanmark;361;1083
2021-11-17;1084;Hovedstaden;608;1084
2021-11-17;1085;Sjælland;333;1085
2021-11-18;1081;Nordjylland;253;1081
2021-11-18;1082;Midtjylland;395;1082
2021-11-18;1083;Syddanmark;297;1083
2021-11-18;1084;Hovedstaden;573;1084
2021-11-18;1085;Sjælland;200;1085
2021-11-19;1081;Nordjylland;138;1081
2021-11-19;1082;Midtjylland;455;1082
2021-11-19;1083;Syddanmark;345;1083
2021-11-19;1084;Hovedstaden;492;1084
2021-11-19;1085;Sjælland;255;1085
2021-11-20;1081;Nordjylland;227;1081
2021-11-20;1082;Midtjylland;89;1082
2021-11-20;1083;Syddanmark;252;1083
2021-11-20;1084;Hovedstaden;439;1084
2021-11-20;1085;Sjælland;181;1085
2021-11-21;1081;Nordjylland;205;1081
2021-11-21;1082;Midtjylland;12;1082
2021-11-21;1083;Syddanmark;221;1083
2021-11-21;1084;Hovedstaden;115;1084
2021-11-21;1085;Sjælland;180;1085
2021-11-22;1081;Nordjylland;119;1081
2021-11-22;1082;Midtjylland;544;1082
2021-11-22;1083;Syddanmark;289;1083
2021-11-22;1084;Hovedstaden;623;1084
2021-11-22;1085;Sjælland;231;1085
2021-11-23;1081;Nordjylland;194;1081
2021-11-23;1082;Midtjylland;454;1082
2021-11-23;1083;Syddanmark;386;1083
2021-11-23;1084;Hovedstaden;657;1084
2021-11-23;1085;Sjælland;184;1085
2021-11-24;1081;Nordjylland;95;1081
2021-11-24;1082;Midtjylland;538;1082
2021-11-24;1083;Syddanmark;389;1083
2021-11-24;1084;Hovedstaden;746;1084
2021-11-24;1085;Sjælland;387;1085
2021-11-25;1081;Nordjylland;154;1081
2021-11-25;1082;Midtjylland;445;1082
2021-11-25;1083;Syddanmark;432;1083
2021-11-25;1084;Hovedstaden;644;1084
2021-11-25;1085;Sjælland;213;1085
2021-11-26;1081;Nordjylland;118;1081
2021-11-26;1082;Midtjylland;549;1082
2021-11-26;1083;Syddanmark;496;1083
2021-11-26;1084;Hovedstaden;680;1084
2021-11-26;1085;Sjælland;268;1085
2021-11-27;1081;Nordjylland;125;1081
2021-11-27;1082;Midtjylland;143;1082
2021-11-27;1083;Syddanmark;360;1083
2021-11-27;1084;Hovedstaden;609;1084
2021-11-27;1085;Sjælland;243;1085
2021-11-28;1081;Nordjylland;278;1081
2021-11-28;1082;Midtjylland;23;1082
2021-11-28;1083;Syddanmark;325;1083
2021-11-28;1084;Hovedstaden;365;1084
2021-11-28;1085;Sjælland;218;1085
2021-11-29;1081;Nordjylland;230;1081
2021-11-29;1082;Midtjylland;707;1082
2021-11-29;1083;Syddanmark;462;1083
2021-11-29;1084;Hovedstaden;780;1084
2021-11-29;1085;Sjælland;351;1085
