"Uge";"Aldersgruppe";"Testede pr. 100.000 borgere";"Positive pr. 100.000 borgere";"Nyindlagte pr. 100.000 borgere";"Antal testede";"Antal positive"
2020-W04;00-02;0;0;0,0;0;0
2020-W04;03-05;0;0;0,0;0;0
2020-W04;06-11;0;0;0,0;0;0
2020-W04;12-15;0;0;0,0;0;0
2020-W04;16-19;0;0;0,0;0;0
2020-W04;20-39;0;0;0,0;0;0
2020-W04;40-64;0;0;0,0;0;0
2020-W04;65-79;0;0;0,0;0;0
2020-W04;80+;0;0;0,0;0;0
2020-W05;65-79;0;0;0,0;1;0
2020-W07;40-64;0;0;0,0;1;0
2020-W08;20-39;0;0;0,0;5;0
2020-W08;40-64;0;0;0,0;1;0
2020-W09;00-02;3;0;0,0;6;0
2020-W09;03-05;4;0;0,0;7;0
2020-W09;06-11;12;0;0,0;45;0
2020-W09;12-15;16;0;0,4;44;1
2020-W09;16-19;13;0;0,0;36;0
2020-W09;20-39;5;0;0,0;73;0
2020-W09;40-64;6;0;0,0;110;3
2020-W09;65-79;1;0;0,0;6;0
2020-W09;80+;1;0;0,0;2;0
2020-W10;00-02;12;0;0,0;22;0
2020-W10;03-05;14;0;0,0;26;0
2020-W10;06-11;16;0;0,0;61;0
2020-W10;12-15;14;0;0,0;38;1
2020-W10;16-19;18;1;0,0;50;2
2020-W10;20-39;15;2;0,1;219;25
2020-W10;40-64;17;2;0,3;330;44
2020-W10;65-79;3;0;0,0;29;4
2020-W10;80+;5;1;1,1;13;4
2020-W11;00-02;92;2;1,1;172;4
2020-W11;03-05;39;0;0,0;71;0
2020-W11;06-11;36;2;0,3;140;7
2020-W11;12-15;37;3;0,4;100;8
2020-W11;16-19;69;8;0,4;191;21
2020-W11;20-39;90;17;0,8;1335;258
2020-W11;40-64;95;24;3,2;1824;458
2020-W11;65-79;77;6;4,0;687;49
2020-W11;80+;144;8;7,6;396;22
2020-W12;00-02;159;1;0,0;298;2
2020-W12;03-05;38;0;0,0;69;0
2020-W12;06-11;12;0;0,0;48;1
2020-W12;12-15;15;0;0,0;40;0
2020-W12;16-19;31;0;0,0;87;1
2020-W12;20-39;108;5;1,5;1605;75
2020-W12;40-64;148;12;5,4;2832;230
2020-W12;65-79;165;17;13,5;1470;153
2020-W12;80+;319;32;30,2;878;89
2020-W13;00-02;133;3;1,1;249;5
2020-W13;03-05;21;0;0,0;39;0
2020-W13;06-11;18;0;0,0;68;0
2020-W13;12-15;26;1;0,7;70;3
2020-W13;16-19;51;3;1,4;143;9
2020-W13;20-39;149;12;1,8;2208;174
2020-W13;40-64;214;26;9,0;4094;493
2020-W13;65-79;218;34;26,7;1940;307
2020-W13;80+;426;51;39,2;1173;141
2020-W14;00-02;235;4;1,1;440;7
2020-W14;03-05;96;1;0,5;175;2
2020-W14;06-11;89;3;0,0;343;13
2020-W14;12-15;106;4;0,0;289;12
2020-W14;16-19;185;12;0,7;514;32
2020-W14;20-39;476;37;2,0;7065;549
2020-W14;40-64;686;54;7,3;13116;1037
2020-W14;65-79;444;32;14,4;3952;281
2020-W14;80+;787;76;36,0;2167;210
2020-W15;00-02;289;6;1,1;541;11
2020-W15;03-05;175;3;0,0;320;5
2020-W15;06-11;139;5;0,0;533;21
2020-W15;12-15;139;7;0,4;381;18
2020-W15;16-19;255;17;0,0;709;48
2020-W15;20-39;495;34;1,4;7347;509
2020-W15;40-64;625;37;5,0;11953;708
2020-W15;65-79;439;21;7,9;3911;185
2020-W15;80+;648;46;25,3;1791;128
2020-W16;00-02;330;4;0,5;617;8
2020-W16;03-05;205;1;0,0;375;2
2020-W16;06-11;229;5;0,0;879;18
2020-W16;12-15;149;5;0,4;407;15
2020-W16;16-19;285;10;0,4;793;28
2020-W16;20-39;476;24;1,1;7075;352
2020-W16;40-64;616;27;3,9;11788;507
2020-W16;65-79;449;13;7,1;4006;117
2020-W16;80+;758;46;23,9;2093;126
2020-W17;00-02;840;2;1,1;1573;3
2020-W17;03-05;634;5;0,0;1162;10
2020-W17;06-11;724;8;0,0;2777;31
2020-W17;12-15;489;8;0,4;1338;23
2020-W17;16-19;711;17;0,7;1975;48
2020-W17;20-39;1383;27;0,9;20536;396
2020-W17;40-64;1779;26;2,9;34022;488
2020-W17;65-79;1120;17;6,8;9984;150
2020-W17;80+;1673;50;26,4;4623;138
2020-W18;00-02;960;9;0,5;1797;16
2020-W18;03-05;720;9;0,0;1321;16
2020-W18;06-11;1035;10;0,0;3971;39
2020-W18;12-15;656;12;0,4;1796;32
2020-W18;16-19;928;12;0,4;2578;33
2020-W18;20-39;1792;21;1,2;26604;314
2020-W18;40-64;2279;19;1,5;43585;368
2020-W18;65-79;1472;9;3,6;13120;84
2020-W18;80+;2018;28;15,2;5576;77
2020-W19;00-02;791;8;0,5;1482;15
2020-W19;03-05;534;3;0,0;980;5
2020-W19;06-11;686;7;0,0;2625;28
2020-W19;12-15;535;9;0,4;1462;25
2020-W19;16-19;885;8;0,4;2456;21
2020-W19;20-39;1568;14;0,5;23291;203
2020-W19;40-64;1883;14;1,2;36009;263
2020-W19;65-79;1355;7;2,8;12103;61
2020-W19;80+;2066;14;7,9;5728;38
2020-W20;00-02;900;5;0,0;1686;9
2020-W20;03-05;608;5;0,0;1116;9
2020-W20;06-11;713;4;0,0;2728;17
2020-W20;12-15;661;5;0,0;1808;13
2020-W20;16-19;944;9;0,0;2619;24
2020-W20;20-39;1558;10;0,3;23148;151
2020-W20;40-64;1810;8;1,3;34622;147
2020-W20;65-79;1421;4;1,5;12690;39
2020-W20;80+;2077;9;6,9;5759;24
2020-W21;00-02;889;5;0,0;1666;9
2020-W21;03-05;597;4;0,0;1097;8
2020-W21;06-11;531;4;0,0;2031;17
2020-W21;12-15;582;3;0,0;1591;8
2020-W21;16-19;1258;4;0,0;3490;12
2020-W21;20-39;1875;9;0,5;27853;136
2020-W21;40-64;1504;7;0,9;28756;138
2020-W21;65-79;1293;4;2,5;11549;32
2020-W21;80+;1703;7;4,0;4723;20
2020-W22;00-02;1018;3;1,1;1907;6
2020-W22;03-05;680;2;0,0;1248;4
2020-W22;06-11;594;3;0,0;2273;11
2020-W22;12-15;799;2;0,0;2185;5
2020-W22;16-19;1078;7;0,4;2992;20
2020-W22;20-39;1692;6;0,5;25137;96
2020-W22;40-64;1649;5;0,5;31533;95
2020-W22;65-79;1785;4;1,6;15941;40
2020-W22;80+;1885;8;5,0;5227;23
2020-W23;00-02;1094;3;0,5;2035;6
2020-W23;03-05;738;3;0,0;1349;5
2020-W23;06-11;541;3;0,0;2058;12
2020-W23;12-15;626;4;0,0;1708;10
2020-W23;16-19;1004;3;0,0;2765;8
2020-W23;20-39;1445;5;0,2;21259;80
2020-W23;40-64;1349;4;0,7;25729;85
2020-W23;65-79;1483;3;0,9;13233;29
2020-W23;80+;1708;4;2,9;4746;11
2020-W24;00-02;1879;2;0,0;3495;3
2020-W24;03-05;1510;3;0,0;2761;5
2020-W24;06-11;1102;5;0,3;4194;19
2020-W24;12-15;999;1;0,0;2724;4
2020-W24;16-19;1199;4;0,0;3303;12
2020-W24;20-39;2079;6;0,1;30580;84
2020-W24;40-64;1558;5;0,3;29713;86
2020-W24;65-79;1566;4;0,6;13975;34
2020-W24;80+;1779;6;1,8;4943;17
2020-W25;00-02;2205;1;0,0;4101;2
2020-W25;03-05;2004;2;0,0;3664;4
2020-W25;06-11;1624;4;0,0;6185;15
2020-W25;12-15;1333;5;0,0;3635;13
2020-W25;16-19;1481;6;0,0;4079;17
2020-W25;20-39;2438;7;0,4;35861;100
2020-W25;40-64;1837;7;0,4;35018;124
2020-W25;65-79;1640;3;1,2;14630;30
2020-W25;80+;2043;3;1,1;5677;9
2020-W26;00-02;2009;4;0,5;3736;8
2020-W26;03-05;1670;2;0,0;3054;4
2020-W26;06-11;1586;2;0,3;6039;9
2020-W26;12-15;1346;3;0,0;3673;7
2020-W26;16-19;1338;1;0,0;3685;4
2020-W26;20-39;2326;4;0,3;34211;55
2020-W26;40-64;1861;3;0,3;35476;49
2020-W26;65-79;1877;4;1,5;16745;37
2020-W26;80+;2458;5;2,2;6830;15
2020-W27;00-02;1422;1;0,0;2645;2
2020-W27;03-05;1006;1;0,0;1839;1
2020-W27;06-11;876;1;0,0;3334;5
2020-W27;12-15;934;1;0,0;2547;4
2020-W27;16-19;1576;2;0,0;4339;5
2020-W27;20-39;2139;3;0,0;31456;42
2020-W27;40-64;1758;2;0,2;33512;39
2020-W27;65-79;1800;1;0,4;16061;13
2020-W27;80+;2492;2;1,8;6927;5
2020-W28;00-02;1104;2;0,5;2046;3
2020-W28;03-05;740;0;0,0;1358;0
2020-W28;06-11;604;2;0,0;2296;6
2020-W28;12-15;873;2;0,0;2383;6
2020-W28;16-19;1630;5;0,0;4480;13
2020-W28;20-39;2114;5;0,2;31068;69
2020-W28;40-64;1698;3;0,3;32367;58
2020-W28;65-79;1724;1;0,6;15401;11
2020-W28;80+;2160;1;0,7;6026;2
2020-W29;00-02;1012;2;0,0;1875;3
2020-W29;03-05;650;1;0,0;1193;2
2020-W29;06-11;656;3;0,0;2493;12
2020-W29;12-15;1152;5;0,0;3146;14
2020-W29;16-19;1960;7;0,0;5386;20
2020-W29;20-39;2293;6;0,0;33701;82
2020-W29;40-64;1797;5;0,3;34254;96
2020-W29;65-79;1684;2;0,4;15038;22
2020-W29;80+;1987;4;1,4;5542;11
2020-W30;00-02;816;1;0,0;1513;2
2020-W30;03-05;527;3;0,0;967;5
2020-W30;06-11;564;2;0,0;2144;8
2020-W30;12-15;1349;5;0,0;3684;14
2020-W30;16-19;2129;6;0,0;5852;17
2020-W30;20-39;2387;5;0,1;35090;68
2020-W30;40-64;1959;5;0,5;37341;100
2020-W30;65-79;1745;2;0,7;15587;21
2020-W30;80+;1968;1;0,7;5490;4
2020-W31;00-02;874;2;0,0;1619;4
2020-W31;03-05;653;3;0,0;1199;5
2020-W31;06-11;706;2;0,0;2682;8
2020-W31;12-15;1620;7;0,0;4425;18
2020-W31;16-19;2536;8;0,0;6970;23
2020-W31;20-39;2817;14;0,4;41408;210
2020-W31;40-64;2517;10;0,6;47971;181
2020-W31;65-79;2162;3;0,3;19313;28
2020-W31;80+;2332;2;1,8;6504;6
2020-W32;00-02;1425;4;0,5;2648;7
2020-W32;03-05;1114;9;0,0;2046;16
2020-W32;06-11;1047;12;0,0;3974;47
2020-W32;12-15;2479;18;0,0;6770;50
2020-W32;16-19;3936;28;0,0;10808;76
2020-W32;20-39;3729;23;0,5;54797;339
2020-W32;40-64;3146;15;0,7;59973;292
2020-W32;65-79;2446;6;0,7;21890;50
2020-W32;80+;2388;3;1,1;6680;7
2020-W33;00-02;2137;6;0,0;3972;11
2020-W33;03-05;1935;8;0,0;3555;14
2020-W33;06-11;1962;14;0,0;7451;52
2020-W33;12-15;3062;21;0,0;8360;58
2020-W33;16-19;4562;39;0,0;12528;108
2020-W33;20-39;4909;24;0,1;72139;355
2020-W33;40-64;3883;13;0,7;74016;247
2020-W33;65-79;2966;4;0,8;26538;38
2020-W33;80+;2699;3;1,1;7550;7
2020-W34;00-02;2653;6;0,0;4932;11
2020-W34;03-05;2948;8;0,0;5416;15
2020-W34;06-11;4209;13;0,0;15983;49
2020-W34;12-15;5574;14;0,4;15220;39
2020-W34;16-19;6117;27;0,7;16797;73
2020-W34;20-39;5179;17;0,7;76117;256
2020-W34;40-64;4053;8;0,5;77256;145
2020-W34;65-79;2673;3;0,6;23917;23
2020-W34;80+;2423;3;1,8;6778;8
2020-W35;00-02;2702;3;0,5;5023;5
2020-W35;03-05;2893;3;0,0;5314;6
2020-W35;06-11;4628;5;0,0;17572;19
2020-W35;12-15;6017;12;0,0;16429;32
2020-W35;16-19;6277;19;0,0;17239;53
2020-W35;20-39;5081;17;0,1;74673;250
2020-W35;40-64;4045;9;0,4;77113;180
2020-W35;65-79;2608;4;0,8;23340;40
2020-W35;80+;2413;3;1,1;6749;8
2020-W36;00-02;2500;8;0,5;4652;14
2020-W36;03-05;2264;9;0,0;4163;17
2020-W36;06-11;4328;13;0,3;16393;50
2020-W36;12-15;6902;27;0,0;18897;75
2020-W36;16-19;6356;27;0,4;17436;73
2020-W36;20-39;5632;38;0,7;82728;558
2020-W36;40-64;4319;21;0,9;82300;395
2020-W36;65-79;2575;9;1,2;23052;83
2020-W36;80+;2376;6;0,7;6670;16
2020-W37;00-02;2843;17;0,0;5289;31
2020-W37;03-05;2794;14;0,0;5137;25
2020-W37;06-11;5157;36;0,3;19536;137
2020-W37;12-15;8727;62;0,0;23895;171
2020-W37;16-19;9151;57;1,5;25104;156
2020-W37;20-39;7075;49;0,7;103930;714
2020-W37;40-64;5881;40;1,5;112057;764
2020-W37;65-79;3277;21;2,7;29331;184
2020-W37;80+;2917;15;3,9;8188;43
2020-W38;00-02;2947;11;0,5;5483;21
2020-W38;03-05;2819;18;0,0;5183;33
2020-W38;06-11;4732;34;0,0;17924;130
2020-W38;12-15;8687;52;0,7;23784;142
2020-W38;16-19;10743;113;0,4;29473;309
2020-W38;20-39;7605;81;1,1;111719;1196
2020-W38;40-64;6263;55;2,0;119349;1053
2020-W38;65-79;3619;25;3,6;32396;225
2020-W38;80+;3288;25;8,2;9228;70
2020-W39;00-02;2814;18;0,5;5235;33
2020-W39;03-05;3085;30;0,0;5673;56
2020-W39;06-11;4538;57;0,0;17191;215
2020-W39;12-15;7408;74;0,7;20283;203
2020-W39;16-19;10369;139;0,4;28447;380
2020-W39;20-39;7728;88;1,2;113521;1297
2020-W39;40-64;6317;59;2,2;120373;1123
2020-W39;65-79;3625;26;4,6;32444;229
2020-W39;80+;3380;26;10,0;9488;73
2020-W40;00-02;2439;20;0,5;4538;38
2020-W40;03-05;2671;30;0,0;4912;56
2020-W40;06-11;3721;43;0,0;14095;162
2020-W40;12-15;6454;66;0,4;17672;180
2020-W40;16-19;8083;104;0,4;22175;284
2020-W40;20-39;6738;62;0,7;98975;912
2020-W40;40-64;5672;48;2,8;108085;924
2020-W40;65-79;3406;23;4,1;30488;202
2020-W40;80+;3227;15;8,6;9058;43
2020-W41;00-02;2255;15;0,5;4226;28
2020-W41;03-05;2842;16;0,0;5258;29
2020-W41;06-11;3946;34;0,3;14963;129
2020-W41;12-15;5953;72;0,4;16361;197
2020-W41;16-19;7388;85;0,4;20400;235
2020-W41;20-39;6381;57;1,1;94650;850
2020-W41;40-64;5646;48;2,1;107823;926
2020-W41;65-79;3152;24;2,8;28272;212
2020-W41;80+;2996;24;7,5;8445;69
2020-W42;00-02;1873;19;0,0;3511;35
2020-W42;03-05;2004;22;0,0;3709;41
2020-W42;06-11;2578;37;0,0;9776;142
2020-W42;12-15;3762;62;0,0;10340;170
2020-W42;16-19;5606;95;0,4;15479;262
2020-W42;20-39;5396;74;1,1;80043;1096
2020-W42;40-64;4490;54;2,5;85759;1037
2020-W42;65-79;2778;32;4,9;24915;286
2020-W42;80+;2962;27;11,0;8349;77
2020-W43;00-02;2365;40;1,1;4432;75
2020-W43;03-05;2809;43;0,0;5198;80
2020-W43;06-11;3748;78;0,3;14212;295
2020-W43;12-15;5900;111;0,0;16215;304
2020-W43;16-19;9271;226;0,7;25600;625
2020-W43;20-39;7336;137;1,6;108824;2034
2020-W43;40-64;6468;98;2,6;123520;1877
2020-W43;65-79;3689;44;5,4;33094;393
2020-W43;80+;3527;33;11,7;9941;92
2020-W44;00-02;3599;45;0,5;6746;85
2020-W44;03-05;5020;59;0,0;9289;109
2020-W44;06-11;7490;125;0,5;28401;473
2020-W44;12-15;11455;211;1,1;31482;581
2020-W44;16-19;12601;243;1,1;34795;672
2020-W44;20-39;9159;168;2,0;135860;2490
2020-W44;40-64;8062;129;4,9;153960;2459
2020-W44;65-79;4307;54;7,4;38635;487
2020-W44;80+;4138;41;14,5;11664;116
2020-W45;00-02;4101;64;1,6;7634;120
2020-W45;03-05;5564;87;0,0;10270;161
2020-W45;06-11;8432;131;0,3;31817;496
2020-W45;12-15;12576;209;0,7;34518;573
2020-W45;16-19;11322;196;1,1;31170;540
2020-W45;20-39;9310;160;2,8;137201;2361
2020-W45;40-64;8942;130;5,2;170436;2470
2020-W45;65-79;4764;56;10,1;42716;500
2020-W45;80+;4452;41;13,1;12581;115
2020-W46;00-02;3770;58;0,5;7018;108
2020-W46;03-05;5620;63;0,0;10374;117
2020-W46;06-11;9337;136;0,0;35232;512
2020-W46;12-15;12602;180;0,7;34590;493
2020-W46;16-19;10971;224;1,5;30204;618
2020-W46;20-39;9530;163;2,1;140450;2401
2020-W46;40-64;9464;133;5,3;180377;2534
2020-W46;65-79;5891;55;9,4;52826;493
2020-W46;80+;5466;50;18,0;15446;140
2020-W47;00-02;3807;53;2,7;7086;99
2020-W47;03-05;5789;72;0,0;10685;133
2020-W47;06-11;9664;146;0,3;36467;551
2020-W47;12-15;13302;246;0,0;36513;674
2020-W47;16-19;12175;250;0,4;33519;687
2020-W47;20-39;9495;180;2,3;139935;2649
2020-W47;40-64;9527;146;5,0;181587;2781
2020-W47;65-79;5670;64;9,6;50839;575
2020-W47;80+;5737;75;30,1;16212;213
2020-W48;00-02;3443;46;4,3;6409;86
2020-W48;03-05;5928;75;0,0;10941;139
2020-W48;06-11;9798;148;0,0;36970;560
2020-W48;12-15;12951;236;0,0;35549;648
2020-W48;16-19;12872;304;0,4;35438;837
2020-W48;20-39;9566;188;1,6;140979;2770
2020-W48;40-64;9408;150;5,1;179322;2865
2020-W48;65-79;5427;67;8,0;48660;602
2020-W48;80+;5722;73;24,8;16169;206
2020-W49;00-02;3753;61;1,6;6968;114
2020-W49;03-05;5750;108;0,0;10636;200
2020-W49;06-11;10280;212;0,5;38716;799
2020-W49;12-15;14681;373;0,0;40306;1024
2020-W49;16-19;16114;484;1,8;44300;1331
2020-W49;20-39;10857;280;2,8;160121;4129
2020-W49;40-64;10111;216;5,7;192567;4123
2020-W49;65-79;5097;85;14,4;45732;765
2020-W49;80+;5312;88;35,3;15052;248
2020-W50;00-02;5115;136;2,2;9497;252
2020-W50;03-05;7683;159;1,1;14211;295
2020-W50;06-11;13031;353;0,8;49078;1331
2020-W50;12-15;16633;553;1,5;45667;1519
2020-W50;16-19;19639;665;3,6;53991;1827
2020-W50;20-39;15350;523;4,9;226371;7708
2020-W50;40-64;12610;375;10,7;240165;7142
2020-W50;65-79;5727;152;19,5;51380;1360
2020-W50;80+;5432;161;46,9;15391;456
2020-W51;00-02;7108;185;8,1;13198;343
2020-W51;03-05;12071;252;2,2;22327;466
2020-W51;06-11;15973;442;1,3;60157;1665
2020-W51;12-15;15808;480;1,8;43402;1318
2020-W51;16-19;19779;722;4,0;54376;1985
2020-W51;20-39;20593;542;7,2;303693;7998
2020-W51;40-64;16428;429;16,5;312878;8178
2020-W51;65-79;8104;222;33,2;72706;1995
2020-W51;80+;6974;233;79,4;19759;661
2020-W52;00-02;5140;172;6,5;9544;319
2020-W52;03-05;9295;226;0,0;17193;418
2020-W52;06-11;10792;331;1,1;40646;1245
2020-W52;12-15;10337;284;0,7;28380;781
2020-W52;16-19;14347;386;2,9;39443;1060
2020-W52;20-39;14179;349;6,9;209114;5150
2020-W52;40-64;13089;307;17,1;249290;5848
2020-W52;65-79;6094;163;37,8;54670;1462
2020-W52;80+;5935;241;91,1;16815;684
2020-W53;00-02;2399;106;2,7;4455;196
2020-W53;03-05;4383;161;0,0;8106;298
2020-W53;06-11;5293;204;0,3;19933;769
2020-W53;12-15;7164;232;0,0;19669;636
2020-W53;16-19;13798;308;4,4;37934;848
2020-W53;20-39;12850;304;6,0;189502;4481
2020-W53;40-64;10462;255;14,4;199249;4859
2020-W53;65-79;5625;169;36,0;50468;1518
2020-W53;80+;6300;296;104,1;17850;838
2021-W01;00-02;2318;108;6,0;4281;200
2021-W01;03-05;3966;126;0,5;7311;232
2021-W01;06-11;4006;151;0,5;14974;566
2021-W01;12-15;6350;167;0,7;17350;457
2021-W01;16-19;13636;272;1,8;37299;745
2021-W01;20-39;12565;238;5,2;184548;3496
2021-W01;40-64;12238;202;12,6;231843;3822
2021-W01;65-79;6490;116;28,1;57981;1040
2021-W01;80+;6918;243;98,8;19535;686
2021-W02;00-02;2646;74;5,4;4887;137
2021-W02;03-05;4684;98;0,0;8634;181
2021-W02;06-11;3945;90;0,3;14745;338
2021-W02;12-15;5484;91;0,0;14983;249
2021-W02;16-19;9543;130;1,5;26102;356
2021-W02;20-39;11740;136;3,1;172430;1999
2021-W02;40-64;14983;134;10,0;283840;2529
2021-W02;65-79;6918;72;24,6;61810;645
2021-W02;80+;7013;184;69,1;19803;520
2021-W03;00-02;2873;56;2,2;5306;103
2021-W03;03-05;5049;80;0,5;9307;148
2021-W03;06-11;4370;69;0,0;16335;259
2021-W03;12-15;6096;74;0,4;16655;202
2021-W03;16-19;10613;81;1,1;29030;221
2021-W03;20-39;14853;109;3,1;218162;1600
2021-W03;40-64;19647;100;8,4;372203;1903
2021-W03;65-79;7635;56;19,5;68209;503
2021-W03;80+;6760;118;68,3;19090;332
2021-W04;00-02;2679;48;1,6;4948;89
2021-W04;03-05;4622;66;0,0;8520;122
2021-W04;06-11;4287;51;0,0;16023;191
2021-W04;12-15;6332;59;0,0;17299;160
2021-W04;16-19;11274;62;1,5;30839;169
2021-W04;20-39;15589;71;2,7;228975;1046
2021-W04;40-64;20772;65;5,1;393512;1240
2021-W04;65-79;7612;38;11,3;68006;342
2021-W04;80+;6200;72;36,5;17508;204
2021-W05;00-02;2297;40;2,2;4237;73
2021-W05;03-05;4179;42;0,5;7715;78
2021-W05;06-11;5735;47;0,3;21397;176
2021-W05;12-15;6592;47;0,0;18006;129
2021-W05;16-19;11945;53;0,7;32640;146
2021-W05;20-39;16135;67;1,4;236936;982
2021-W05;40-64;21633;54;3,0;409679;1030
2021-W05;65-79;7310;35;10,0;65373;309
2021-W05;80+;5531;49;19,5;15617;139
2021-W06;00-02;2282;24;2,7;4208;44
2021-W06;03-05;4557;41;0,0;8414;76
2021-W06;06-11;6810;60;0,3;25405;223
2021-W06;12-15;8538;49;0,7;23321;133
2021-W06;16-19;13453;53;0,7;36761;146
2021-W06;20-39;16244;58;2,0;238539;849
2021-W06;40-64;21689;49;3,4;410733;930
2021-W06;65-79;7314;25;7,4;65405;221
2021-W06;80+;4937;24;13,8;13940;69
2021-W07;00-02;2479;47;1,1;4572;87
2021-W07;03-05;5212;80;1,6;9622;148
2021-W07;06-11;8157;81;0,3;30431;302
2021-W07;12-15;9047;56;0,4;24712;152
2021-W07;16-19;14223;76;0,4;38863;207
2021-W07;20-39;16483;74;1,6;242050;1085
2021-W07;40-64;21861;56;3,3;413984;1062
2021-W07;65-79;8369;25;4,4;74840;222
2021-W07;80+;4916;20;13,5;13881;56
2021-W08;00-02;2956;52;1,6;5451;96
2021-W08;03-05;6039;69;0,5;11149;127
2021-W08;06-11;9916;88;0,3;36995;330
2021-W08;12-15;12377;69;0,4;33808;188
2021-W08;16-19;18529;82;1,1;50630;223
2021-W08;20-39;18511;83;2,1;271837;1214
2021-W08;40-64;24514;60;4,1;464227;1137
2021-W08;65-79;10346;27;4,8;92517;241
2021-W08;80+;5513;30;11,3;15568;84
2021-W09;00-02;3219;46;0,0;5939;84
2021-W09;03-05;7052;70;0,0;13045;129
2021-W09;06-11;12434;105;0,8;46296;390
2021-W09;12-15;13229;68;0,4;36116;186
2021-W09;16-19;18479;87;1,5;50447;238
2021-W09;20-39;20149;78;2,2;295888;1145
2021-W09;40-64;26525;59;4,2;502149;1124
2021-W09;65-79;10998;24;5,8;98429;214
2021-W09;80+;5501;21;9,2;15541;59
2021-W10;00-02;3331;43;0,5;6146;79
2021-W10;03-05;7395;79;0,5;13680;146
2021-W10;06-11;14719;110;0,0;54803;410
2021-W10;12-15;20449;76;0,4;55827;207
2021-W10;16-19;26582;98;0,7;72565;268
2021-W10;20-39;19961;85;2,1;293122;1247
2021-W10;40-64;25985;63;4,1;491928;1193
2021-W10;65-79;10071;20;5,6;90136;178
2021-W10;80+;4883;17;7,8;13793;48
2021-W11;00-02;3491;48;1,1;6441;88
2021-W11;03-05;7700;84;0,0;14244;156
2021-W11;06-11;18020;140;0,3;67094;521
2021-W11;12-15;30210;97;0,4;82476;265
2021-W11;16-19;29530;121;1,5;80615;329
2021-W11;20-39;20241;98;1,4;297235;1440
2021-W11;40-64;26764;73;4,5;506678;1380
2021-W11;65-79;10337;26;4,9;92512;235
2021-W11;80+;4781;14;7,8;13505;40
2021-W12;00-02;3562;55;2,2;6572;102
2021-W12;03-05;8479;69;0,0;15685;127
2021-W12;06-11;18402;138;0,0;68517;512
2021-W12;12-15;23329;99;0,0;63689;270
2021-W12;16-19;21734;129;1,1;59332;353
2021-W12;20-39;21366;115;3,2;313755;1685
2021-W12;40-64;26972;84;5,9;510605;1586
2021-W12;65-79;11101;31;6,7;99352;274
2021-W12;80+;4588;19;3,5;12962;53
2021-W13;00-02;2942;39;1,1;5427;72
2021-W13;03-05;8187;74;1,1;15145;136
2021-W13;06-11;17029;100;0,5;63404;374
2021-W13;12-15;23450;87;0,4;64021;237
2021-W13;16-19;25172;132;0,4;68718;361
2021-W13;20-39;20967;99;3,1;307895;1458
2021-W13;40-64;25158;74;5,8;476276;1397
2021-W13;65-79;12400;29;7,2;110974;258
2021-W13;80+;4552;18;8,1;12859;52
2021-W14;00-02;2018;38;0,5;3726;70
2021-W14;03-05;4877;58;0,0;9036;107
2021-W14;06-11;13819;83;0,3;51380;309
2021-W14;12-15;24772;101;0,0;67593;275
2021-W14;16-19;22082;172;1,8;60248;470
2021-W14;20-39;22155;105;3,2;325506;1544
2021-W14;40-64;29941;72;5,0;566546;1357
2021-W14;65-79;15232;29;5,1;136525;257
2021-W14;80+;5382;18;5,6;15258;51
2021-W15;00-02;3367;49;3,8;6217;91
2021-W15;03-05;7107;85;0,0;13169;157
2021-W15;06-11;14101;125;0,5;52430;464
2021-W15;12-15;20138;111;0,0;54950;302
2021-W15;16-19;19593;180;0,7;53456;491
2021-W15;20-39;24426;116;3,1;358879;1701
2021-W15;40-64;30113;79;5,1;569798;1498
2021-W15;65-79;12935;24;5,8;115937;215
2021-W15;80+;4741;11;4,2;13441;32
2021-W16;00-02;3878;35;2,2;7161;64
2021-W16;03-05;7875;80;0,0;14591;149
2021-W16;06-11;14729;127;0,0;54764;474
2021-W16;12-15;19812;129;0,0;54061;353
2021-W16;16-19;18357;137;1,5;50086;373
2021-W16;20-39;25839;105;3,4;379634;1538
2021-W16;40-64;31037;81;4,9;587288;1538
2021-W16;65-79;12541;24;4,8;112412;212
2021-W16;80+;4076;12;4,6;11555;35
2021-W17;00-02;3466;43;1,1;6400;80
2021-W17;03-05;7438;68;0,0;13782;126
2021-W17;06-11;14574;114;0,0;54188;423
2021-W17;12-15;19246;117;0,4;52515;320
2021-W17;16-19;17939;176;1,5;48945;480
2021-W17;20-39;24516;134;3,2;360196;1972
2021-W17;40-64;29479;91;5,4;557811;1731
2021-W17;65-79;10969;27;4,5;98315;242
2021-W17;80+;3465;6;3,2;9824;18
2021-W18;00-02;3909;54;0,5;7223;100
2021-W18;03-05;7718;72;0,0;14330;133
2021-W18;06-11;14694;117;0,3;54500;433
2021-W18;12-15;20120;135;0,0;54908;369
2021-W18;16-19;18675;296;0,4;50906;807
2021-W18;20-39;26226;160;3,1;385519;2353
2021-W18;40-64;32669;103;5,9;617929;1955
2021-W18;65-79;12450;30;3,5;111743;266
2021-W18;80+;3589;9;2,8;10223;26
2021-W19;00-02;3830;60;2,2;7078;111
2021-W19;03-05;8821;82;0,5;16378;152
2021-W19;06-11;16101;149;0,3;59715;554
2021-W19;12-15;21871;171;0,4;59688;468
2021-W19;16-19;22688;361;3,3;61846;984
2021-W19;20-39;25248;182;3,7;371156;2674
2021-W19;40-64;31527;105;6,3;596329;1985
2021-W19;65-79;11233;25;5,8;100825;226
2021-W19;80+;2789;9;2,8;7944;26
2021-W20;00-02;3244;53;4,3;5994;98
2021-W20;03-05;6992;72;0,0;12982;133
2021-W20;06-11;13034;99;0,5;48340;367
2021-W20;12-15;18106;150;0,4;49411;409
2021-W20;16-19;21621;353;0,7;58938;962
2021-W20;20-39;24864;184;3,4;365498;2706
2021-W20;40-64;30253;102;6,0;572226;1938
2021-W20;65-79;9259;22;2,0;83108;196
2021-W20;80+;2419;2;0,4;6890;7
2021-W21;00-02;3115;42;2,2;5756;78
2021-W21;03-05;6734;74;0,5;12503;137
2021-W21;06-11;12674;99;0,5;47006;369
2021-W21;12-15;18593;152;0,4;50740;416
2021-W21;16-19;18873;313;1,5;51447;854
2021-W21;20-39;22053;189;3,3;324181;2774
2021-W21;40-64;26174;101;5,7;495065;1917
2021-W21;65-79;5112;12;2,5;45886;104
2021-W21;80+;1916;7;2,1;5459;20
2021-W22;00-02;2992;43;2,2;5527;80
2021-W22;03-05;6870;47;0,5;12794;87
2021-W22;06-11;11627;110;0,0;43031;408
2021-W22;12-15;16965;149;0,7;46277;406
2021-W22;16-19;18583;305;1,1;50648;830
2021-W22;20-39;20566;158;3,1;302483;2324
2021-W22;40-64;22736;74;4,5;429985;1401
2021-W22;65-79;4231;9;1,4;38021;78
2021-W22;80+;1881;7;2,4;5383;19
2021-W23;00-02;2140;22;2,2;3953;41
2021-W23;03-05;4840;24;0,0;9014;45
2021-W23;06-11;8789;49;0,3;32528;181
2021-W23;12-15;13622;66;1,1;37159;181
2021-W23;16-19;13744;114;1,5;37460;311
2021-W23;20-39;17448;87;2,0;256624;1276
2021-W23;40-64;17463;37;3,9;330247;703
2021-W23;65-79;3023;5;0,8;27163;43
2021-W23;80+;1458;3;1,0;4172;9
2021-W24;00-02;1539;15;0,5;2842;28
2021-W24;03-05;3722;19;0,0;6931;35
2021-W24;06-11;6878;31;0,3;25454;115
2021-W24;12-15;10928;35;0,4;29810;96
2021-W24;16-19;10667;66;1,1;29074;180
2021-W24;20-39;15127;51;1,8;222484;752
2021-W24;40-64;13139;21;1,8;248485;393
2021-W24;65-79;2260;3;0,4;20308;23
2021-W24;80+;1169;4;2,1;3346;12
2021-W25;00-02;1529;8;0,5;2825;15
2021-W25;03-05;3807;13;0,0;7089;25
2021-W25;06-11;7466;19;0,0;27633;70
2021-W25;12-15;10878;25;0,4;29673;67
2021-W25;16-19;8800;37;0,0;23985;102
2021-W25;20-39;14883;49;1,2;218887;714
2021-W25;40-64;11084;15;1,1;209618;281
2021-W25;65-79;2122;2;0,4;19071;14
2021-W25;80+;1032;1;0,3;2952;4
2021-W26;00-02;2311;18;1,6;4268;34
2021-W26;03-05;6297;17;0,0;11727;32
2021-W26;06-11;9633;20;0,0;35653;74
2021-W26;12-15;14259;40;0,4;38894;108
2021-W26;16-19;14359;157;1,1;39136;428
2021-W26;20-39;17631;104;1,3;259305;1527
2021-W26;40-64;11657;22;0,4;220462;419
2021-W26;65-79;2269;3;0,2;20390;29
2021-W26;80+;1180;1;0,7;3377;4
2021-W27;00-02;2296;21;1,1;4243;39
2021-W27;03-05;6100;31;0,0;11381;57
2021-W27;06-11;9639;37;0,3;35623;136
2021-W27;12-15;14859;78;0,4;40526;212
2021-W27;16-19;17463;222;0,7;47537;603
2021-W27;20-39;18480;189;2,2;271992;2775
2021-W27;40-64;11338;37;0,7;214400;691
2021-W27;65-79;2420;6;0,7;21765;56
2021-W27;80+;1321;3;0,7;3793;9
2021-W28;00-02;2072;38;2,7;3828;71
2021-W28;03-05;5550;56;1,1;10355;104
2021-W28;06-11;9017;57;0,3;33327;210
2021-W28;12-15;14290;109;0,0;38974;297
2021-W28;16-19;16555;319;0,4;45067;869
2021-W28;20-39;17824;290;3,5;262332;4270
2021-W28;40-64;10068;46;1,3;190375;866
2021-W28;65-79;2269;8;1,1;20403;69
2021-W28;80+;1484;7;1,4;4263;21
2021-W29;00-02;1410;37;1,1;2605;68
2021-W29;03-05;3776;55;0,0;7046;103
2021-W29;06-11;7199;77;0,0;26608;286
2021-W29;12-15;12084;128;0,4;32959;350
2021-W29;16-19;12678;231;1,5;34512;628
2021-W29;20-39;14494;202;3,3;213321;2980
2021-W29;40-64;8133;37;1,3;153801;707
2021-W29;65-79;2114;10;0,8;19013;89
2021-W29;80+;1433;11;3,1;4116;32
2021-W30;00-02;1169;40;2,2;2161;74
2021-W30;03-05;3290;80;0,0;6138;150
2021-W30;06-11;6158;110;0,5;22758;408
2021-W30;12-15;10110;151;0,4;27575;412
2021-W30;16-19;10672;259;0,4;29052;705
2021-W30;20-39;12558;228;3,2;184820;3351
2021-W30;40-64;7510;51;2,2;142012;968
2021-W30;65-79;2231;12;1,2;20066;108
2021-W30;80+;1555;9;1,7;4466;25
2021-W31;00-02;1346;55;2,7;2487;101
2021-W31;03-05;3809;89;0,0;7120;166
2021-W31;06-11;6935;157;0,3;25599;580
2021-W31;12-15;11023;202;0,7;30053;552
2021-W31;16-19;9093;224;1,1;24731;609
2021-W31;20-39;10911;201;2,7;160690;2961
2021-W31;40-64;7421;61;2,3;140343;1146
2021-W31;65-79;2263;16;1,4;20369;145
2021-W31;80+;1608;12;4,5;4636;36
2021-W32;00-02;2274;83;4,3;4202;153
2021-W32;03-05;5517;140;1,6;10314;262
2021-W32;06-11;7551;219;0,3;27872;809
2021-W32;12-15;9793;247;1,8;26701;673
2021-W32;16-19;7491;195;1,8;20375;531
2021-W32;20-39;10315;195;4,8;151917;2868
2021-W32;40-64;7262;67;3,3;137332;1272
2021-W32;65-79;2468;19;1,8;22216;172
2021-W32;80+;1802;19;4,5;5194;55
2021-W33;00-02;3099;91;5,4;5727;169
2021-W33;03-05;8361;158;1,1;15631;296
2021-W33;06-11;12937;338;0,5;47752;1247
2021-W33;12-15;14237;284;0,7;38815;775
2021-W33;16-19;9680;158;2,6;26326;430
2021-W33;20-39;10223;157;5,0;150554;2308
2021-W33;40-64;8288;67;4,1;156734;1265
2021-W33;65-79;2676;25;3,4;24094;229
2021-W33;80+;1780;23;4,9;5129;66
2021-W34;00-02;3640;77;2,7;6726;142
2021-W34;03-05;9327;136;0,0;17436;254
2021-W34;06-11;15364;350;0,5;56714;1291
2021-W34;12-15;15374;241;1,5;41915;656
2021-W34;16-19;9748;120;2,2;26512;325
2021-W34;20-39;9941;121;4,4;146400;1789
2021-W34;40-64;9166;73;2,9;173328;1377
2021-W34;65-79;3098;29;4,3;27891;257
2021-W34;80+;2052;25;8,0;5914;73
2021-W35;00-02;2853;37;1,6;5272;69
2021-W35;03-05;6515;88;0,5;12179;165
2021-W35;06-11;10061;230;0,3;37136;848
2021-W35;12-15;10930;158;1,5;29801;430
2021-W35;16-19;7129;76;1,1;19388;208
2021-W35;20-39;8114;90;3,9;119501;1321
2021-W35;40-64;7456;57;3,2;140989;1079
2021-W35;65-79;2851;23;2,9;25669;207
2021-W35;80+;2189;28;10,1;6310;81
2021-W36;00-02;2123;33;1,6;3931;61
2021-W36;03-05;4714;65;1,1;8823;121
2021-W36;06-11;6674;161;0,3;24603;595
2021-W36;12-15;6949;84;0,4;18963;228
2021-W36;16-19;5892;57;0,0;16036;154
2021-W36;20-39;6793;69;2,8;100100;1024
2021-W36;40-64;6354;39;2,9;120139;745
2021-W36;65-79;2723;20;3,1;24543;182
2021-W36;80+;2266;24;7,6;6557;70
2021-W37;00-02;1465;17;1,1;2713;31
2021-W37;03-05;3509;33;0,0;6567;61
2021-W37;06-11;5275;122;0,5;19444;449
2021-W37;12-15;4949;60;0,0;13505;164
2021-W37;16-19;4454;29;0,0;12121;78
2021-W37;20-39;5382;45;1,4;79312;667
2021-W37;40-64;5320;27;1,6;100589;515
2021-W37;65-79;2455;15;1,8;22129;134
2021-W37;80+;1836;17;6,6;5313;50
2021-W38;00-02;1384;17;0,5;2563;32
2021-W38;03-05;3545;40;0,5;6636;75
2021-W38;06-11;5471;139;0,3;20169;513
2021-W38;12-15;4314;71;0,0;11772;193
2021-W38;16-19;3697;36;0,4;10060;97
2021-W38;20-39;4640;46;0,9;68383;684
2021-W38;40-64;4983;32;1,0;94220;604
2021-W38;65-79;2357;22;2,9;21240;197
2021-W38;80+;1822;27;9,0;5273;78
2021-W39;00-02;1198;23;0,5;2218;43
2021-W39;03-05;3182;43;0,0;5956;81
2021-W39;06-11;6131;179;0,0;22599;659
2021-W39;12-15;4562;70;0,4;12449;191
2021-W39;16-19;3813;40;0,4;10377;108
2021-W39;20-39;4450;56;1,2;65573;821
2021-W39;40-64;5069;43;1,2;95847;808
2021-W39;65-79;2514;24;2,9;22658;212
2021-W39;80+;1929;19;4,5;5580;56
2021-W40;00-02;1259;32;1,1;2336;60
2021-W40;03-05;3757;68;0,0;7031;128
2021-W40;06-11;7604;240;0,0;28010;885
2021-W40;12-15;5454;91;0,7;14882;249
2021-W40;16-19;4340;54;1,1;11867;149
2021-W40;20-39;4783;73;2,0;70684;1077
2021-W40;40-64;5490;56;1,5;103791;1065
2021-W40;65-79;2547;33;2,2;22971;301
2021-W40;80+;1924;29;8,3;5577;83
2021-W41;00-02;1318;26;1,1;2446;49
2021-W41;03-05;4387;72;0,0;8210;134
2021-W41;06-11;11526;269;0,3;42458;990
2021-W41;12-15;10356;98;0,0;28258;268
2021-W41;16-19;7317;65;0,7;20006;179
2021-W41;20-39;6443;92;2,1;95215;1361
2021-W41;40-64;7344;77;2,6;138842;1455
2021-W41;65-79;3070;49;5,2;27684;444
2021-W41;80+;2254;34;10,0;6534;100
2021-W42;00-02;1533;50;1,6;2845;93
2021-W42;03-05;4867;138;0,5;9108;259
2021-W42;06-11;9818;308;0,8;36163;1136
2021-W42;12-15;9027;165;0,4;24632;450
2021-W42;16-19;7128;110;1,5;19490;301
2021-W42;20-39;7722;166;3,2;114126;2458
2021-W42;40-64;9981;144;3,1;188710;2720
2021-W42;65-79;6552;107;6,3;59088;963
2021-W42;80+;4350;77;22,4;12611;224
2021-W43;00-02;2075;86;1,6;3850;159
2021-W43;03-05;7292;189;0,5;13647;353
2021-W43;06-11;12497;446;0,5;46032;1642
2021-W43;12-15;11728;225;1,1;32003;614
2021-W43;16-19;9891;201;1,5;27044;549
2021-W43;20-39;10914;227;3,8;161303;3353
2021-W43;40-64;13508;192;4,3;255388;3637
2021-W43;65-79;8204;136;10,2;73983;1228
2021-W43;80+;5419;91;19,0;15711;263
2021-W44;00-02;3447;103;6,0;6324;189
2021-W44;03-05;13731;279;0,5;25699;522
2021-W44;06-11;23964;939;2,2;88231;3458
2021-W44;12-15;17732;305;1,5;48333;831
2021-W44;16-19;12651;217;0,4;34664;595
2021-W44;20-39;13793;273;5,2;204323;4051
2021-W44;40-64;17149;240;5,7;324188;4535
2021-W44;65-79;9166;153;10,6;82774;1381
2021-W44;80+;5919;105;23,6;17284;306
2021-W45;00-02;4653;159;4,9;8535;291
2021-W45;03-05;17945;388;0,0;33586;727
2021-W45;06-11;30918;1325;1,6;113836;4879
2021-W45;12-15;22934;463;1,1;62512;1261
2021-W45;16-19;15672;295;1,8;42942;808
2021-W45;20-39;17853;396;4,5;264482;5868
2021-W45;40-64;22248;347;6,2;420592;6564
2021-W45;65-79;11491;202;16,1;103765;1826
2021-W45;80+;6685;129;32,9;19519;378
2021-W46;00-02;5615;200;10,9;10300;366
2021-W46;03-05;20924;527;1,6;39163;987
2021-W46;06-11;34986;1561;4,1;128812;5749
2021-W46;12-15;26072;549;0,7;71067;1496
2021-W46;16-19;16120;406;0,7;44169;1113
2021-W46;20-39;19548;487;5,9;289579;7221
2021-W46;40-64;24023;439;7,9;454151;8291
2021-W46;65-79;10909;252;15,9;98507;2278
2021-W46;80+;6295;154;43,2;18380;451
2021-W47;00-02;5908;204;8,7;10838;375
2021-W47;03-05;22391;560;2,1;41909;1048
2021-W47;06-11;36101;1671;2,4;132916;6154
2021-W47;12-15;25652;539;1,1;69922;1468
2021-W47;16-19;17207;403;1,5;47148;1104
2021-W47;20-39;20817;480;7,7;308386;7105
2021-W47;40-64;26229;459;8,3;495856;8680
2021-W47;65-79;11515;274;17,2;103983;2476
2021-W47;80+;6570;140;34,2;19184;409
2021-W48;00-02;6218;286;10,4;11407;525
2021-W48;03-05;23056;641;2,7;43153;1199
2021-W48;06-11;36016;1956;2,7;132603;7200
2021-W48;12-15;25661;595;2,2;69945;1623
2021-W48;16-19;17881;546;2,9;48995;1496
2021-W48;20-39;22634;593;7,7;335300;8780
2021-W48;40-64;27087;556;9,3;512062;10505
2021-W48;65-79;11401;281;19,5;102952;2534
2021-W48;80+;6767;125;34,6;19760;365
2021-W49;00-02;8185;377;11,3;15213;701
2021-W49;03-05;28931;973;2,7;54140;1820
2021-W49;06-11;39584;2574;4,9;145736;9478
2021-W49;12-15;29693;867;0,7;80847;2360
2021-W49;16-19;21771;861;2,2;59742;2363
2021-W49;20-39;25677;886;9,2;381551;13169
2021-W49;40-64;28741;774;10,7;543197;14621
2021-W49;65-79;11233;300;19,0;101436;2708
2021-W49;80+;7431;142;37,4;21669;413
2021-W50;00-02;10334;519;18,3;19208;965
2021-W50;03-05;33846;1242;1,6;63339;2325
2021-W50;06-11;39244;2734;6,2;144482;10066
2021-W50;12-15;31937;1371;6,2;86955;3733
2021-W50;16-19;28179;1920;5,8;77326;5268
2021-W50;20-39;29886;1641;12,0;444102;24381
2021-W50;40-64;29548;1214;12,4;558447;22935
2021-W50;65-79;11634;333;18,9;105059;3010
2021-W50;80+;8306;176;35,0;24221;513
2021-W51;00-02;8623;565;21,5;16028;1050
2021-W51;03-05;24594;1183;2,7;46025;2213
2021-W51;06-11;22094;1517;3,0;81343;5584
2021-W51;12-15;22847;1382;2,9;62206;3764
2021-W51;16-19;25131;2319;5,5;68962;6364
2021-W51;20-39;25864;1851;12,8;384334;27507
2021-W51;40-64;25162;1381;14,3;475547;26093
2021-W51;65-79;11758;352;20,2;106176;3176
2021-W51;80+;9283;211;39,4;27069;615
2021-W52;00-02;5729;943;42,5;10649;1752
2021-W52;03-05;15396;1802;4,3;28811;3372
2021-W52;06-11;15675;2160;4,3;57712;7954
2021-W52;12-15;18523;2315;3,3;50434;6302
2021-W52;16-19;21808;3193;6,9;59843;8761
2021-W52;20-39;22737;2956;19,6;337871;43918
2021-W52;40-64;23154;1990;17,6;437609;37617
2021-W52;65-79;11912;856;23,7;107571;7731
2021-W52;80+;11109;653;58,3;32393;1903
2022-W01;00-02;6834;1370;37,6;12738;2553
2022-W01;03-05;19210;2650;6,4;35931;4956
2022-W01;06-11;19611;2478;5,7;72148;9117
2022-W01;12-15;25195;3110;7,3;68608;8469
2022-W01;16-19;34793;5602;13,1;95500;15377
2022-W01;20-39;25850;3241;19,2;384717;48229
2022-W01;40-64;26307;1685;15,6;497084;31842
2022-W01;65-79;10555;524;23,6;95359;4737
2022-W01;80+;11172;471;57,2;32600;1375
2022-W02;00-02;12228;2592;56,9;22790;4831
2022-W02;03-05;33238;6040;20,9;62169;11298
2022-W02;06-11;29004;6352;10,3;106704;23369
2022-W02;12-15;31139;6355;9,9;84794;17306
2022-W02;16-19;28715;5787;15,3;78818;15883
2022-W02;20-39;24976;3451;24,5;371705;51357
2022-W02;40-64;27081;2190;16,8;511704;41386
2022-W02;65-79;9849;538;22,1;88979;4863
2022-W02;80+;10379;420;57,2;30285;1226
2022-W03;00-02;14563;3467;84,2;27143;6462
2022-W03;03-05;37347;8249;29,4;69853;15428
2022-W03;06-11;37862;10279;14,9;139292;37815
2022-W03;12-15;40988;11194;15,4;111612;30483
2022-W03;16-19;31773;8383;20,0;87211;23009
2022-W03;20-39;27239;4929;31,4;405386;73352
2022-W03;40-64;31208;3743;17,1;589688;70720
2022-W03;65-79;10828;896;24,6;97829;8094
2022-W03;80+;11153;549;67,9;32542;1603
2022-W04;00-02;11342;3205;78,9;21140;5974
2022-W04;03-05;27549;7437;28,3;51528;13910
2022-W04;06-11;29868;9837;17,4;109882;36188
2022-W04;12-15;32754;11507;21,7;89191;31333
2022-W04;16-19;23603;7261;20,8;64786;19931
2022-W04;20-39;23348;5131;32,7;347475;76369
2022-W04;40-64;27031;4355;25,0;510769;82299
2022-W04;65-79;10352;1329;28,8;93523;12010
2022-W04;80+;11191;859;82,9;32655;2507
