Aldersgruppe;Date;Variable;Total;Weekly_diff
0-9;2020-03-18;positive;    12;    0
0-9;2020-03-18;testede;   554;    0
10-19;2020-03-18;positive;    33;    0
10-19;2020-03-18;testede;   577;    0
20-29;2020-03-18;positive;   146;    0
20-29;2020-03-18;testede;   923;    0
30-39;2020-03-18;positive;   156;    0
30-39;2020-03-18;testede;  1064;    0
40-49;2020-03-18;positive;   305;    0
40-49;2020-03-18;testede;  1362;    0
50-59;2020-03-18;positive;   200;    0
50-59;2020-03-18;testede;  1059;    0
60-69;2020-03-18;positive;    90;    0
60-69;2020-03-18;testede;   752;    0
70-79;2020-03-18;positive;    55;    0
70-79;2020-03-18;testede;   714;    0
80-89;2020-03-18;positive;    38;    0
80-89;2020-03-18;testede;   505;    0
90+;2020-03-18;positive;     9;    0
90+;2020-03-18;testede;   121;    0
0-9;2020-03-25;positive;    13;    1
0-9;2020-03-25;testede;   889;  335
10-19;2020-03-25;positive;    40;    7
10-19;2020-03-25;testede;   721;  144
20-29;2020-03-25;positive;   179;   33
20-29;2020-03-25;testede;  1501;  578
30-39;2020-03-25;positive;   211;   55
30-39;2020-03-25;testede;  2119; 1055
40-49;2020-03-25;positive;   420;  115
40-49;2020-03-25;testede;  2585; 1223
50-59;2020-03-25;positive;   309;  109
50-59;2020-03-25;testede;  2172; 1113
60-69;2020-03-25;positive;   204;  114
60-69;2020-03-25;testede;  1721;  969
70-79;2020-03-25;positive;   192;  137
70-79;2020-03-25;testede;  1697;  983
80-89;2020-03-25;positive;   124;   86
80-89;2020-03-25;testede;  1161;  656
90+;2020-03-25;positive;    23;   14
90+;2020-03-25;testede;   304;  183
0-9;2020-04-01;positive;    21;    8
0-9;2020-04-01;testede;  1287;  398
10-19;2020-04-01;positive;    48;    8
10-19;2020-04-01;testede;  1002;  281
20-29;2020-04-01;positive;   276;   97
20-29;2020-04-01;testede;  2568; 1067
30-39;2020-04-01;positive;   355;  144
30-39;2020-04-01;testede;  3903; 1784
40-49;2020-04-01;positive;   660;  240
40-49;2020-04-01;testede;  4744; 2159
50-59;2020-04-01;positive;   599;  290
50-59;2020-04-01;testede;  4324; 2152
60-69;2020-04-01;positive;   408;  204
60-69;2020-04-01;testede;  3263; 1542
70-79;2020-04-01;positive;   409;  217
70-79;2020-04-01;testede;  3025; 1328
80-89;2020-04-01;positive;   260;  136
80-89;2020-04-01;testede;  2088;  927
90+;2020-04-01;positive;    56;   33
90+;2020-04-01;testede;   572;  268
0-9;2020-04-08;positive;    47;   26
0-9;2020-04-08;testede;  2302; 1015
10-19;2020-04-08;positive;   114;   66
10-19;2020-04-08;testede;  2156; 1154
20-29;2020-04-08;positive;   582;  306
20-29;2020-04-08;testede;  5875; 3307
30-39;2020-04-08;positive;   708;  353
30-39;2020-04-08;testede;  8643; 4740
40-49;2020-04-08;positive;  1062;  402
40-49;2020-04-08;testede; 10683; 5939
50-59;2020-04-08;positive;  1073;  474
50-59;2020-04-08;testede; 10491; 6167
60-69;2020-04-08;positive;   711;  303
60-69;2020-04-08;testede;  7409; 4146
70-79;2020-04-08;positive;   586;  177
70-79;2020-04-08;testede;  5473; 2448
80-89;2020-04-08;positive;   395;  135
80-89;2020-04-08;testede;  3465; 1377
90+;2020-04-08;positive;   108;   52
90+;2020-04-08;testede;  1038;  466
0-9;2020-04-15;positive;    72;   25
0-9;2020-04-15;testede;  3454; 1152
10-19;2020-04-15;positive;   172;   58
10-19;2020-04-15;testede;  3187; 1031
20-29;2020-04-15;positive;   796;  214
20-29;2020-04-15;testede;  8475; 2600
30-39;2020-04-15;positive;   898;  190
30-39;2020-04-15;testede; 11704; 3061
40-49;2020-04-15;positive;  1277;  215
40-49;2020-04-15;testede; 14166; 3483
50-59;2020-04-15;positive;  1317;  244
50-59;2020-04-15;testede; 14008; 3517
60-69;2020-04-15;positive;   853;  142
60-69;2020-04-15;testede;  9768; 2359
70-79;2020-04-15;positive;   674;   88
70-79;2020-04-15;testede;  7146; 1673
80-89;2020-04-15;positive;   482;   87
80-89;2020-04-15;testede;  4447;  982
90+;2020-04-15;positive;   140;   32
90+;2020-04-15;testede;  1357;  319
0-9;2020-04-22;positive;    89;   17
0-9;2020-04-22;testede;  5439; 1985
10-19;2020-04-22;positive;   234;   62
10-19;2020-04-22;testede;  5087; 1900
20-29;2020-04-22;positive;   986;  190
20-29;2020-04-22;testede; 11933; 3458
30-39;2020-04-22;positive;  1075;  177
30-39;2020-04-22;testede; 16244; 4540
40-49;2020-04-22;positive;  1488;  211
40-49;2020-04-22;testede; 19600; 5434
50-59;2020-04-22;positive;  1537;  220
50-59;2020-04-22;testede; 19386; 5378
60-69;2020-04-22;positive;   998;  145
60-69;2020-04-22;testede; 13588; 3820
70-79;2020-04-22;positive;   751;   77
70-79;2020-04-22;testede;  9562; 2416
80-89;2020-04-22;positive;   577;   95
80-89;2020-04-22;testede;  5856; 1409
90+;2020-04-22;positive;   177;   37
90+;2020-04-22;testede;  1770;  413
0-9;2020-04-29;positive;   120;   31
0-9;2020-04-29;testede;  9960; 4521
10-19;2020-04-29;positive;   313;   79
10-19;2020-04-29;testede;  9409; 4322
20-29;2020-04-29;positive;  1160;  174
20-29;2020-04-29;testede; 20100; 8167
30-39;2020-04-29;positive;  1230;  155
30-39;2020-04-29;testede; 26795;10551
40-49;2020-04-29;positive;  1673;  185
40-49;2020-04-29;testede; 31753;12153
50-59;2020-04-29;positive;  1694;  157
50-59;2020-04-29;testede; 32341;12955
60-69;2020-04-29;positive;  1106;  108
60-69;2020-04-29;testede; 22693; 9105
70-79;2020-04-29;positive;   833;   82
70-79;2020-04-29;testede; 15391; 5829
80-89;2020-04-29;positive;   666;   89
80-89;2020-04-29;testede;  9008; 3152
90+;2020-04-29;positive;   213;   36
90+;2020-04-29;testede;  2612;  842
0-9;2020-05-06;positive;   177;   57
0-9;2020-05-06;testede; 15035; 5075
10-19;2020-05-06;positive;   389;   76
10-19;2020-05-06;testede; 14952; 5543
20-29;2020-05-06;positive;  1328;  168
20-29;2020-05-06;testede; 31469;11369
30-39;2020-05-06;positive;  1388;  158
30-39;2020-05-06;testede; 40328;13533
40-49;2020-05-06;positive;  1791;  118
40-49;2020-05-06;testede; 47630;15877
50-59;2020-05-06;positive;  1850;  156
50-59;2020-05-06;testede; 49267;16926
60-69;2020-05-06;positive;  1191;   85
60-69;2020-05-06;testede; 34031;11338
70-79;2020-05-06;positive;   884;   51
70-79;2020-05-06;testede; 22157; 6766
80-89;2020-05-06;positive;   711;   45
80-89;2020-05-06;testede; 12282; 3274
90+;2020-05-06;positive;   229;   16
90+;2020-05-06;testede;  3529;  917
0-9;2020-05-13;positive;   217;   40
0-9;2020-05-13;testede; 18869; 3834
10-19;2020-05-13;positive;   454;   65
10-19;2020-05-13;testede; 19856; 4904
20-29;2020-05-13;positive;  1443;  115
20-29;2020-05-13;testede; 41625;10156
30-39;2020-05-13;positive;  1495;  107
30-39;2020-05-13;testede; 51389;11061
40-49;2020-05-13;positive;  1918;  127
40-49;2020-05-13;testede; 59998;12368
50-59;2020-05-13;positive;  1976;  126
50-59;2020-05-13;testede; 62548;13281
60-69;2020-05-13;positive;  1257;   66
60-69;2020-05-13;testede; 43691; 9660
70-79;2020-05-13;positive;   927;   43
70-79;2020-05-13;testede; 28202; 6045
80-89;2020-05-13;positive;   743;   32
80-89;2020-05-13;testede; 15208; 2926
90+;2020-05-13;positive;   237;    8
90+;2020-05-13;testede;  4326;  797
0-9;2020-05-20;positive;   248;   31
0-9;2020-05-20;testede; 22978; 4109
10-19;2020-05-20;positive;   492;   38
10-19;2020-05-20;testede; 24710; 4854
20-29;2020-05-20;positive;  1517;   74
20-29;2020-05-20;testede; 50920; 9295
30-39;2020-05-20;positive;  1589;   94
30-39;2020-05-20;testede; 61161; 9772
40-49;2020-05-20;positive;  1975;   57
40-49;2020-05-20;testede; 70240;10242
50-59;2020-05-20;positive;  2036;   60
50-59;2020-05-20;testede; 73396;10848
60-69;2020-05-20;positive;  1306;   49
60-69;2020-05-20;testede; 51778; 8087
70-79;2020-05-20;positive;   950;   23
70-79;2020-05-20;testede; 34023; 5821
80-89;2020-05-20;positive;   761;   18
80-89;2020-05-20;testede; 17918; 2710
90+;2020-05-20;positive;   243;    6
90+;2020-05-20;testede;  4927;  601
0-9;2020-05-27;positive;   273;   25
0-9;2020-05-27;testede; 26635; 3657
10-19;2020-05-27;positive;   523;   31
10-19;2020-05-27;testede; 30110; 5400
20-29;2020-05-27;positive;  1585;   68
20-29;2020-05-27;testede; 66126;15206
30-39;2020-05-27;positive;  1650;   61
30-39;2020-05-27;testede; 70024; 8863
40-49;2020-05-27;positive;  2026;   51
40-49;2020-05-27;testede; 78716; 8476
50-59;2020-05-27;positive;  2098;   62
50-59;2020-05-27;testede; 82958; 9562
60-69;2020-05-27;positive;  1329;   23
60-69;2020-05-27;testede; 59565; 7787
70-79;2020-05-27;positive;   969;   19
70-79;2020-05-27;testede; 40130; 6107
80-89;2020-05-27;positive;   779;   18
80-89;2020-05-27;testede; 20513; 2595
90+;2020-05-27;positive;   248;    5
90+;2020-05-27;testede;  5462;  535
0-9;2020-06-03;positive;   288;   15
0-9;2020-06-03;testede; 30393; 3758
10-19;2020-06-03;positive;   549;   26
10-19;2020-06-03;testede; 34758; 4648
20-29;2020-06-03;positive;  1639;   54
20-29;2020-06-03;testede; 75672; 9546
30-39;2020-06-03;positive;  1693;   43
30-39;2020-06-03;testede; 78817; 8793
40-49;2020-06-03;positive;  2061;   35
40-49;2020-06-03;testede; 87063; 8347
50-59;2020-06-03;positive;  2134;   36
50-59;2020-06-03;testede; 92320; 9362
60-69;2020-06-03;positive;  1364;   35
60-69;2020-06-03;testede; 67848; 8283
70-79;2020-06-03;positive;   996;   27
70-79;2020-06-03;testede; 47086; 6956
80-89;2020-06-03;positive;   794;   15
80-89;2020-06-03;testede; 23000; 2487
90+;2020-06-03;positive;   253;    5
90+;2020-06-03;testede;  5938;  476
0-9;2020-06-10;positive;   307;   19
0-9;2020-06-10;testede; 35514; 5121
10-19;2020-06-10;positive;   574;   25
10-19;2020-06-10;testede; 39430; 4672
20-29;2020-06-10;positive;  1685;   46
20-29;2020-06-10;testede; 84290; 8618
30-39;2020-06-10;positive;  1729;   36
30-39;2020-06-10;testede; 87472; 8655
40-49;2020-06-10;positive;  2091;   30
40-49;2020-06-10;testede; 94647; 7584
50-59;2020-06-10;positive;  2177;   43
50-59;2020-06-10;testede;100327; 8007
60-69;2020-06-10;positive;  1387;   23
60-69;2020-06-10;testede; 75121; 7273
70-79;2020-06-10;positive;  1011;   15
70-79;2020-06-10;testede; 53428; 6342
80-89;2020-06-10;positive;   800;    6
80-89;2020-06-10;testede; 25473; 2473
90+;2020-06-10;positive;   255;    2
90+;2020-06-10;testede;  6416;  478
0-9;2020-06-17;positive;   328;   21
0-9;2020-06-17;testede; 44192; 8678
10-19;2020-06-17;positive;   591;   17
10-19;2020-06-17;testede; 45896; 6466
20-29;2020-06-17;positive;  1725;   40
20-29;2020-06-17;testede; 97535;13245
30-39;2020-06-17;positive;  1779;   50
30-39;2020-06-17;testede; 99569;12097
40-49;2020-06-17;positive;  2135;   44
40-49;2020-06-17;testede;103953; 9306
50-59;2020-06-17;positive;  2214;   37
50-59;2020-06-17;testede;109120; 8793
60-69;2020-06-17;positive;  1411;   24
60-69;2020-06-17;testede; 82528; 7407
70-79;2020-06-17;positive;  1036;   25
70-79;2020-06-17;testede; 59592; 6164
80-89;2020-06-17;positive;   818;   18
80-89;2020-06-17;testede; 27965; 2492
90+;2020-06-17;positive;   257;    2
90+;2020-06-17;testede;  6920;  504
0-9;2020-06-24;positive;   349;   21
0-9;2020-06-24;testede; 55439;11247
10-19;2020-06-24;positive;   628;   37
10-19;2020-06-24;testede; 54644; 8748
20-29;2020-06-24;positive;  1773;   48
20-29;2020-06-24;testede;111922;14387
30-39;2020-06-24;positive;  1826;   47
30-39;2020-06-24;testede;113645;14076
40-49;2020-06-24;positive;  2191;   56
40-49;2020-06-24;testede;115316;11363
50-59;2020-06-24;positive;  2268;   54
50-59;2020-06-24;testede;119287;10167
60-69;2020-06-24;positive;  1436;   25
60-69;2020-06-24;testede; 90667; 8139
70-79;2020-06-24;positive;  1061;   25
70-79;2020-06-24;testede; 65925; 6333
80-89;2020-06-24;positive;   825;    7
80-89;2020-06-24;testede; 30635; 2670
90+;2020-06-24;positive;   258;    1
90+;2020-06-24;testede;  7522;  602
0-9;2020-07-01;positive;   362;   13
0-9;2020-07-01;testede; 64052; 8613
10-19;2020-07-01;positive;   641;   13
10-19;2020-07-01;testede; 61641; 6997
20-29;2020-07-01;positive;  1805;   32
20-29;2020-07-01;testede;124655;12733
30-39;2020-07-01;positive;  1857;   31
30-39;2020-07-01;testede;125557;11912
40-49;2020-07-01;positive;  2211;   20
40-49;2020-07-01;testede;125128; 9812
50-59;2020-07-01;positive;  2286;   18
50-59;2020-07-01;testede;128786; 9499
60-69;2020-07-01;positive;  1452;   16
60-69;2020-07-01;testede; 98494; 7827
70-79;2020-07-01;positive;  1084;   23
70-79;2020-07-01;testede; 73038; 7113
80-89;2020-07-01;positive;   836;   11
80-89;2020-07-01;testede; 33881; 3246
90+;2020-07-01;positive;   260;    2
90+;2020-07-01;testede;  8251;  729
0-9;2020-07-08;positive;   371;    9
0-9;2020-07-08;testede; 69943; 5891
10-19;2020-07-08;positive;   648;    7
10-19;2020-07-08;testede; 69386; 7745
20-29;2020-07-08;positive;  1825;   20
20-29;2020-07-08;testede;138908;14253
30-39;2020-07-08;positive;  1877;   20
30-39;2020-07-08;testede;137371;11814
40-49;2020-07-08;positive;  2230;   19
40-49;2020-07-08;testede;135694;10566
50-59;2020-07-08;positive;  2310;   24
50-59;2020-07-08;testede;139530;10744
60-69;2020-07-08;positive;  1460;    8
60-69;2020-07-08;testede;107181; 8687
70-79;2020-07-08;positive;  1094;   10
70-79;2020-07-08;testede; 80763; 7725
80-89;2020-07-08;positive;   838;    2
80-89;2020-07-08;testede; 36999; 3118
90+;2020-07-08;positive;   263;    3
90+;2020-07-08;testede;  8869;  618
0-9;2020-07-15;positive;   377;    6
0-9;2020-07-15;testede; 73759; 3816
10-19;2020-07-15;positive;   682;   34
10-19;2020-07-15;testede; 76050; 6664
20-29;2020-07-15;positive;  1879;   54
20-29;2020-07-15;testede;151214;12306
30-39;2020-07-15;positive;  1903;   26
30-39;2020-07-15;testede;147564;10193
40-49;2020-07-15;positive;  2255;   25
40-49;2020-07-15;testede;144385; 8691
50-59;2020-07-15;positive;  2344;   34
50-59;2020-07-15;testede;148498; 8968
60-69;2020-07-15;positive;  1478;   18
60-69;2020-07-15;testede;114428; 7247
70-79;2020-07-15;positive;  1100;    6
70-79;2020-07-15;testede; 86561; 5798
80-89;2020-07-15;positive;   839;    1
80-89;2020-07-15;testede; 39332; 2333
90+;2020-07-15;positive;   267;    4
90+;2020-07-15;testede;  9310;  441
0-9;2020-07-22;positive;   392;   15
0-9;2020-07-22;testede; 77025; 3266
10-19;2020-07-22;positive;   718;   36
10-19;2020-07-22;testede; 83491; 7441
20-29;2020-07-22;positive;  1929;   50
20-29;2020-07-22;testede;163688;12474
30-39;2020-07-22;positive;  1943;   40
30-39;2020-07-22;testede;157181; 9617
40-49;2020-07-22;positive;  2306;   51
40-49;2020-07-22;testede;153288; 8903
50-59;2020-07-22;positive;  2374;   30
50-59;2020-07-22;testede;157481; 8983
60-69;2020-07-22;positive;  1501;   23
60-69;2020-07-22;testede;121342; 6914
70-79;2020-07-22;positive;  1114;   14
70-79;2020-07-22;testede; 92421; 5860
80-89;2020-07-22;positive;   846;    7
80-89;2020-07-22;testede; 41662; 2330
90+;2020-07-22;positive;   269;    2
90+;2020-07-22;testede;  9754;  444
0-9;2020-07-29;positive;   404;   12
0-9;2020-07-29;testede; 80138; 3113
10-19;2020-07-29;positive;   751;   33
10-19;2020-07-29;testede; 92519; 9028
20-29;2020-07-29;positive;  1993;   64
20-29;2020-07-29;testede;177338;13650
30-39;2020-07-29;positive;  1996;   53
30-39;2020-07-29;testede;167759;10578
40-49;2020-07-29;positive;  2370;   64
40-49;2020-07-29;testede;164625;11337
50-59;2020-07-29;positive;  2430;   56
50-59;2020-07-29;testede;168813;11332
60-69;2020-07-29;positive;  1528;   27
60-69;2020-07-29;testede;129417; 8075
70-79;2020-07-29;positive;  1131;   17
70-79;2020-07-29;testede; 99381; 6960
80-89;2020-07-29;positive;   852;    6
80-89;2020-07-29;testede; 44216; 2554
90+;2020-07-29;positive;   270;    1
90+;2020-07-29;testede; 10227;  473
0-9;2020-08-05;positive;   423;   19
0-9;2020-08-05;testede; 83974; 3836
10-19;2020-08-05;positive;   824;   73
10-19;2020-08-05;testede;102837;10318
20-29;2020-08-05;positive;  2123;  130
20-29;2020-08-05;testede;192833;15495
30-39;2020-08-05;positive;  2099;  103
30-39;2020-08-05;testede;179917;12158
40-49;2020-08-05;positive;  2473;  103
40-49;2020-08-05;testede;177871;13246
50-59;2020-08-05;positive;  2520;   90
50-59;2020-08-05;testede;182315;13502
60-69;2020-08-05;positive;  1563;   35
60-69;2020-08-05;testede;139015; 9598
70-79;2020-08-05;positive;  1154;   23
70-79;2020-08-05;testede;107048; 7667
80-89;2020-08-05;positive;   857;    5
80-89;2020-08-05;testede; 46984; 2768
90+;2020-08-05;positive;   270;    0
90+;2020-08-05;testede; 10692;  465
0-9;2020-08-12;positive;   489;   66
0-9;2020-08-12;testede; 90587; 6613
10-19;2020-08-12;positive;   982;  158
10-19;2020-08-12;testede;117453;14616
20-29;2020-08-12;positive;  2338;  215
20-29;2020-08-12;testede;213362;20529
30-39;2020-08-12;positive;  2231;  132
30-39;2020-08-12;testede;195545;15628
40-49;2020-08-12;positive;  2581;  108
40-49;2020-08-12;testede;193838;15967
50-59;2020-08-12;positive;  2664;  144
50-59;2020-08-12;testede;198281;15966
60-69;2020-08-12;positive;  1621;   58
60-69;2020-08-12;testede;150137;11122
70-79;2020-08-12;positive;  1177;   23
70-79;2020-08-12;testede;115575; 8527
80-89;2020-08-12;positive;   859;    2
80-89;2020-08-12;testede; 49887; 2903
90+;2020-08-12;positive;   272;    2
90+;2020-08-12;testede; 11161;  469
0-9;2020-08-19;positive;   548;   59
0-9;2020-08-19;testede;101883;11296
10-19;2020-08-19;positive;  1161;  179
10-19;2020-08-19;testede;138770;21317
20-29;2020-08-19;positive;  2553;  215
20-29;2020-08-19;testede;239405;26043
30-39;2020-08-19;positive;  2363;  132
30-39;2020-08-19;testede;216068;20523
40-49;2020-08-19;positive;  2682;  101
40-49;2020-08-19;testede;214473;20635
50-59;2020-08-19;positive;  2757;   93
50-59;2020-08-19;testede;217688;19407
60-69;2020-08-19;positive;  1657;   36
60-69;2020-08-19;testede;163712;13575
70-79;2020-08-19;positive;  1194;   17
70-79;2020-08-19;testede;125619;10044
80-89;2020-08-19;positive;   866;    7
80-89;2020-08-19;testede; 53320; 3433
90+;2020-08-19;positive;   275;    3
90+;2020-08-19;testede; 11676;  515
0-9;2020-08-26;positive;   586;   38
0-9;2020-08-26;testede;118649;16766
10-19;2020-08-26;positive;  1269;  108
10-19;2020-08-26;testede;167354;28584
20-29;2020-08-26;positive;  2734;  181
20-29;2020-08-26;testede;262368;22963
30-39;2020-08-26;positive;  2431;   68
30-39;2020-08-26;testede;235504;19436
40-49;2020-08-26;positive;  2741;   59
40-49;2020-08-26;testede;234603;20130
50-59;2020-08-26;positive;  2815;   58
50-59;2020-08-26;testede;234686;16998
60-69;2020-08-26;positive;  1695;   38
60-69;2020-08-26;testede;174945;11233
70-79;2020-08-26;positive;  1209;   15
70-79;2020-08-26;testede;133759; 8140
80-89;2020-08-26;positive;   871;    5
80-89;2020-08-26;testede; 56005; 2685
90+;2020-08-26;positive;   276;    1
90+;2020-08-26;testede; 12120;  444
0-9;2020-09-02;positive;   613;   27
0-9;2020-09-02;testede;133703;15054
10-19;2020-09-02;positive;  1371;  102
10-19;2020-09-02;testede;195840;28486
20-29;2020-09-02;positive;  2939;  205
20-29;2020-09-02;testede;283957;21589
30-39;2020-09-02;positive;  2551;  120
30-39;2020-09-02;testede;254780;19276
40-49;2020-09-02;positive;  2859;  118
40-49;2020-09-02;testede;254110;19507
50-59;2020-09-02;positive;  2908;   93
50-59;2020-09-02;testede;250994;16308
60-69;2020-09-02;positive;  1744;   49
60-69;2020-09-02;testede;185789;10844
70-79;2020-09-02;positive;  1233;   24
70-79;2020-09-02;testede;141238; 7479
80-89;2020-09-02;positive;   878;    7
80-89;2020-09-02;testede; 58592; 2587
90+;2020-09-02;positive;   278;    2
90+;2020-09-02;testede; 12567;  447
0-9;2020-09-09;positive;   700;   87
0-9;2020-09-09;testede;146735;13032
10-19;2020-09-09;positive;  1613;  242
10-19;2020-09-09;testede;226773;30933
20-29;2020-09-09;positive;  3293;  354
20-29;2020-09-09;testede;308360;24403
30-39;2020-09-09;positive;  2807;  256
30-39;2020-09-09;testede;274358;19578
40-49;2020-09-09;positive;  3076;  217
40-49;2020-09-09;testede;274712;20602
50-59;2020-09-09;positive;  3102;  194
50-59;2020-09-09;testede;268263;17269
60-69;2020-09-09;positive;  1860;  116
60-69;2020-09-09;testede;196935;11146
70-79;2020-09-09;positive;  1296;   63
70-79;2020-09-09;testede;148472; 7234
80-89;2020-09-09;positive;   897;   19
80-89;2020-09-09;testede; 61123; 2531
90+;2020-09-09;positive;   280;    2
90+;2020-09-09;testede; 13054;  487
0-9;2020-09-16;positive;   811;  111
0-9;2020-09-16;testede;160399;13664
10-19;2020-09-16;positive;  2021;  408
10-19;2020-09-16;testede;264441;37668
20-29;2020-09-16;positive;  3812;  519
20-29;2020-09-16;testede;337693;29333
30-39;2020-09-16;positive;  3144;  337
30-39;2020-09-16;testede;297970;23612
40-49;2020-09-16;positive;  3440;  364
40-49;2020-09-16;testede;301043;26331
50-59;2020-09-16;positive;  3481;  379
50-59;2020-09-16;testede;292155;23892
60-69;2020-09-16;positive;  2052;  192
60-69;2020-09-16;testede;212237;15302
70-79;2020-09-16;positive;  1407;  111
70-79;2020-09-16;testede;158091; 9619
80-89;2020-09-16;positive;   937;   40
80-89;2020-09-16;testede; 64327; 3204
90+;2020-09-16;positive;   288;    8
90+;2020-09-16;testede; 13671;  617
0-9;2020-09-23;positive;   962;  151
0-9;2020-09-23;testede;171979;11580
10-19;2020-09-23;positive;  2620;  599
10-19;2020-09-23;testede;296975;32534
20-29;2020-09-23;positive;  4661;  849
20-29;2020-09-23;testede;366620;28927
30-39;2020-09-23;positive;  3564;  420
30-39;2020-09-23;testede;319231;21261
40-49;2020-09-23;positive;  3962;  522
40-49;2020-09-23;testede;324489;23446
50-59;2020-09-23;positive;  3985;  504
50-59;2020-09-23;testede;314977;22822
60-69;2020-09-23;positive;  2301;  249
60-69;2020-09-23;testede;226645;14408
70-79;2020-09-23;positive;  1561;  154
70-79;2020-09-23;testede;167685; 9594
80-89;2020-09-23;positive;   994;   57
80-89;2020-09-23;testede; 67447; 3120
90+;2020-09-23;positive;   306;   18
90+;2020-09-23;testede; 14225;  554
0-9;2020-09-30;positive;  1155;  193
0-9;2020-09-30;testede;182816;10837
10-19;2020-09-30;positive;  3317;  697
10-19;2020-09-30;testede;322081;25106
20-29;2020-09-30;positive;  5475;  814
20-29;2020-09-30;testede;391819;25199
30-39;2020-09-30;positive;  3996;  432
30-39;2020-09-30;testede;337805;18574
40-49;2020-09-30;positive;  4447;  485
40-49;2020-09-30;testede;344850;20361
50-59;2020-09-30;positive;  4431;  446
50-59;2020-09-30;testede;335312;20335
60-69;2020-09-30;positive;  2527;  226
60-69;2020-09-30;testede;240235;13590
70-79;2020-09-30;positive;  1681;  120
70-79;2020-09-30;testede;176997; 9312
80-89;2020-09-30;positive;  1047;   53
80-89;2020-09-30;testede; 70573; 3126
90+;2020-09-30;positive;   320;   14
90+;2020-09-30;testede; 14870;  645
0-9;2020-10-07;positive;  1336;  181
0-9;2020-10-07;testede;191908; 9092
10-19;2020-10-07;positive;  3815;  498
10-19;2020-10-07;testede;339937;17856
20-29;2020-10-07;positive;  6021;  546
20-29;2020-10-07;testede;410422;18603
30-39;2020-10-07;positive;  4345;  349
30-39;2020-10-07;testede;352776;14971
40-49;2020-10-07;positive;  4874;  427
40-49;2020-10-07;testede;361277;16427
50-59;2020-10-07;positive;  4827;  396
50-59;2020-10-07;testede;351893;16581
60-69;2020-10-07;positive;  2705;  178
60-69;2020-10-07;testede;251854;11619
70-79;2020-10-07;positive;  1809;  128
70-79;2020-10-07;testede;185054; 8057
80-89;2020-10-07;positive;  1093;   46
80-89;2020-10-07;testede; 73292; 2719
90+;2020-10-07;positive;   331;   11
90+;2020-10-07;testede; 15343;  473
0-9;2020-10-14;positive;  1486;  150
0-9;2020-10-14;testede;199496; 7588
10-19;2020-10-14;positive;  4267;  452
10-19;2020-10-14;testede;353319;13382
20-29;2020-10-14;positive;  6573;  552
20-29;2020-10-14;testede;426274;15852
30-39;2020-10-14;positive;  4726;  381
30-39;2020-10-14;testede;365535;12759
40-49;2020-10-14;positive;  5301;  427
40-49;2020-10-14;testede;374953;13676
50-59;2020-10-14;positive;  5255;  428
50-59;2020-10-14;testede;365584;13691
60-69;2020-10-14;positive;  2947;  242
60-69;2020-10-14;testede;261289; 9435
70-79;2020-10-14;positive;  1974;  165
70-79;2020-10-14;testede;191578; 6524
80-89;2020-10-14;positive;  1152;   59
80-89;2020-10-14;testede; 75783; 2491
90+;2020-10-14;positive;   342;   11
90+;2020-10-14;testede; 15842;  499
0-9;2020-10-21;positive;  1671;  185
0-9;2020-10-21;testede;205228; 5732
10-19;2020-10-21;positive;  4877;  610
10-19;2020-10-21;testede;363543;10224
20-29;2020-10-21;positive;  7339;  766
20-29;2020-10-21;testede;439157;12883
30-39;2020-10-21;positive;  5282;  556
30-39;2020-10-21;testede;376366;10831
40-49;2020-10-21;positive;  5851;  550
40-49;2020-10-21;testede;386249;11296
50-59;2020-10-21;positive;  5823;  568
50-59;2020-10-21;testede;377240;11656
60-69;2020-10-21;positive;  3210;  263
60-69;2020-10-21;testede;269415; 8126
70-79;2020-10-21;positive;  2135;  161
70-79;2020-10-21;testede;197806; 6228
80-89;2020-10-21;positive;  1217;   65
80-89;2020-10-21;testede; 78224; 2441
90+;2020-10-21;positive;   358;   16
90+;2020-10-21;testede; 16387;  545
0-9;2020-10-28;positive;  2011;  340
0-9;2020-10-28;testede;215419;10191
10-19;2020-10-28;positive;  6098; 1221
10-19;2020-10-28;testede;381284;17741
20-29;2020-10-28;positive;  8635; 1296
20-29;2020-10-28;testede;455866;16709
30-39;2020-10-28;positive;  6182;  900
30-39;2020-10-28;testede;390648;14282
40-49;2020-10-28;positive;  6759;  908
40-49;2020-10-28;testede;402456;16207
50-59;2020-10-28;positive;  6675;  852
50-59;2020-10-28;testede;393333;16093
60-69;2020-10-28;positive;  3635;  425
60-69;2020-10-28;testede;281098;11683
70-79;2020-10-28;positive;  2368;  233
70-79;2020-10-28;testede;206362; 8556
80-89;2020-10-28;positive;  1295;   78
80-89;2020-10-28;testede; 81245; 3021
90+;2020-10-28;positive;   376;   18
90+;2020-10-28;testede; 16990;  603
0-9;2020-11-04;positive;  2513;  502
0-9;2020-11-04;testede;229117;13698
10-19;2020-11-04;positive;  7553; 1455
10-19;2020-11-04;testede;403613;22329
20-29;2020-11-04;positive; 10094; 1459
20-29;2020-11-04;testede;474788;18922
30-39;2020-11-04;positive;  7215; 1033
30-39;2020-11-04;testede;407046;16398
40-49;2020-11-04;positive;  7990; 1231
40-49;2020-11-04;testede;421090;18634
50-59;2020-11-04;positive;  7755; 1080
50-59;2020-11-04;testede;410972;17639
60-69;2020-11-04;positive;  4149;  514
60-69;2020-11-04;testede;293420;12322
70-79;2020-11-04;positive;  2685;  317
70-79;2020-11-04;testede;215074; 8712
80-89;2020-11-04;positive;  1394;   99
80-89;2020-11-04;testede; 84401; 3156
90+;2020-11-04;positive;   405;   29
90+;2020-11-04;testede; 17650;  660
0-9;2020-11-11;positive;  3018;  505
0-9;2020-11-11;testede;244858;15741
10-19;2020-11-11;positive;  8907; 1354
10-19;2020-11-11;testede;426456;22843
20-29;2020-11-11;positive; 11528; 1434
20-29;2020-11-11;testede;492197;17409
30-39;2020-11-11;positive;  8140;  925
30-39;2020-11-11;testede;423814;16768
40-49;2020-11-11;positive;  9026; 1036
40-49;2020-11-11;testede;440777;19687
50-59;2020-11-11;positive;  8784; 1029
50-59;2020-11-11;testede;430995;20023
60-69;2020-11-11;positive;  4672;  523
60-69;2020-11-11;testede;309444;16024
70-79;2020-11-11;positive;  2965;  280
70-79;2020-11-11;testede;226956;11882
80-89;2020-11-11;positive;  1495;  101
80-89;2020-11-11;testede; 88205; 3804
90+;2020-11-11;positive;   428;   23
90+;2020-11-11;testede; 18306;  656
0-9;2020-11-18;positive;  3561;  543
0-9;2020-11-18;testede;259742;14884
10-19;2020-11-18;positive; 10427; 1520
10-19;2020-11-18;testede;447713;21257
20-29;2020-11-18;positive; 13095; 1567
20-29;2020-11-18;testede;508466;16269
30-39;2020-11-18;positive;  9203; 1063
30-39;2020-11-18;testede;439308;15494
40-49;2020-11-18;positive; 10228; 1202
40-49;2020-11-18;testede;458936;18159
50-59;2020-11-18;positive;  9969; 1185
50-59;2020-11-18;testede;449702;18707
60-69;2020-11-18;positive;  5293;  621
60-69;2020-11-18;testede;324891;15447
70-79;2020-11-18;positive;  3263;  298
70-79;2020-11-18;testede;239198;12242
80-89;2020-11-18;positive;  1608;  113
80-89;2020-11-18;testede; 92779; 4574
90+;2020-11-18;positive;   458;   30
90+;2020-11-18;testede; 19071;  765
0-9;2020-11-25;positive;  4054;  493
0-9;2020-11-25;testede;273935;14193
10-19;2020-11-25;positive; 12013; 1586
10-19;2020-11-25;testede;467514;19801
20-29;2020-11-25;positive; 14579; 1484
20-29;2020-11-25;testede;522177;13711
30-39;2020-11-25;positive; 10350; 1147
30-39;2020-11-25;testede;453133;13825
40-49;2020-11-25;positive; 11450; 1222
40-49;2020-11-25;testede;475358;16422
50-59;2020-11-25;positive; 11138; 1169
50-59;2020-11-25;testede;466224;16522
60-69;2020-11-25;positive;  5891;  598
60-69;2020-11-25;testede;338696;13805
70-79;2020-11-25;positive;  3633;  370
70-79;2020-11-25;testede;250572;11374
80-89;2020-11-25;positive;  1778;  170
80-89;2020-11-25;testede; 97161; 4382
90+;2020-11-25;positive;   509;   51
90+;2020-11-25;testede; 20057;  986
0-9;2020-12-02;positive;  4715;  661
0-9;2020-12-02;testede;287042;13107
10-19;2020-12-02;positive; 13935; 1922
10-19;2020-12-02;testede;484636;17122
20-29;2020-12-02;positive; 16456; 1877
20-29;2020-12-02;testede;535328;13151
30-39;2020-12-02;positive; 11593; 1243
30-39;2020-12-02;testede;465844;12711
40-49;2020-12-02;positive; 12897; 1447
40-49;2020-12-02;testede;490237;14879
50-59;2020-12-02;positive; 12469; 1331
50-59;2020-12-02;testede;481771;15547
60-69;2020-12-02;positive;  6551;  660
60-69;2020-12-02;testede;351312;12616
70-79;2020-12-02;positive;  4028;  395
70-79;2020-12-02;testede;260806;10234
80-89;2020-12-02;positive;  1940;  162
80-89;2020-12-02;testede;101200; 4039
90+;2020-12-02;positive;   556;   47
90+;2020-12-02;testede; 20810;  753
0-9;2020-12-09;positive;  5610;  895
0-9;2020-12-09;testede;299980;12938
10-19;2020-12-09;positive; 17104; 3169
10-19;2020-12-09;testede;502615;17979
20-29;2020-12-09;positive; 19545; 3089
20-29;2020-12-09;testede;551327;15999
30-39;2020-12-09;positive; 13580; 1987
30-39;2020-12-09;testede;478610;12766
40-49;2020-12-09;positive; 15165; 2268
40-49;2020-12-09;testede;505319;15082
50-59;2020-12-09;positive; 14545; 2076
50-59;2020-12-09;testede;496862;15091
60-69;2020-12-09;positive;  7534;  983
60-69;2020-12-09;testede;362531;11219
70-79;2020-12-09;positive;  4609;  581
70-79;2020-12-09;testede;269307; 8501
80-89;2020-12-09;positive;  2169;  229
80-89;2020-12-09;testede;104586; 3386
90+;2020-12-09;positive;   628;   72
90+;2020-12-09;testede; 21540;  730
0-9;2020-12-16;positive;  7036; 1426
0-9;2020-12-16;testede;316403;16423
10-19;2020-12-16;positive; 21140; 4036
10-19;2020-12-16;testede;520854;18239
20-29;2020-12-16;positive; 24486; 4941
20-29;2020-12-16;testede;572137;20810
30-39;2020-12-16;positive; 16795; 3215
30-39;2020-12-16;testede;493420;14810
40-49;2020-12-16;positive; 18515; 3350
40-49;2020-12-16;testede;521414;16095
50-59;2020-12-16;positive; 17795; 3250
50-59;2020-12-16;testede;513783;16921
60-69;2020-12-16;positive;  9224; 1690
60-69;2020-12-16;testede;375052;12521
70-79;2020-12-16;positive;  5520;  911
70-79;2020-12-16;testede;278289; 8982
80-89;2020-12-16;positive;  2553;  384
80-89;2020-12-16;testede;107877; 3291
90+;2020-12-16;positive;   749;  121
90+;2020-12-16;testede; 22294;  754
0-9;2020-12-23;positive;  8956; 1920
0-9;2020-12-23;testede;337859;21456
10-19;2020-12-23;positive; 24486; 3346
10-19;2020-12-23;testede;537828;16974
20-29;2020-12-23;positive; 28611; 4125
20-29;2020-12-23;testede;595725;23588
30-39;2020-12-23;positive; 19786; 2991
30-39;2020-12-23;testede;510132;16712
40-49;2020-12-23;positive; 21824; 3309
40-49;2020-12-23;testede;540701;19287
50-59;2020-12-23;positive; 21006; 3211
50-59;2020-12-23;testede;534871;21088
60-69;2020-12-23;positive; 10974; 1750
60-69;2020-12-23;testede;390097;15045
70-79;2020-12-23;positive;  6680; 1160
70-79;2020-12-23;testede;289708;11419
80-89;2020-12-23;positive;  3095;  542
80-89;2020-12-23;testede;111992; 4115
90+;2020-12-23;positive;   923;  174
90+;2020-12-23;testede; 23219;  925
0-9;2020-12-30;positive; 10366; 1410
0-9;2020-12-30;testede;344916; 7057
10-19;2020-12-30;positive; 26722; 2236
10-19;2020-12-30;testede;544962; 7134
20-29;2020-12-30;positive; 31484; 2873
20-29;2020-12-30;testede;606950;11225
30-39;2020-12-30;positive; 22207; 2421
30-39;2020-12-30;testede;518391; 8259
40-49;2020-12-30;positive; 24247; 2423
40-49;2020-12-30;testede;549278; 8577
50-59;2020-12-30;positive; 23481; 2475
50-59;2020-12-30;testede;545209;10338
60-69;2020-12-30;positive; 12450; 1476
60-69;2020-12-30;testede;398554; 8457
70-79;2020-12-30;positive;  7717; 1037
70-79;2020-12-30;testede;296429; 6721
80-89;2020-12-30;positive;  3698;  603
80-89;2020-12-30;testede;114660; 2668
90+;2020-12-30;positive;  1107;  184
90+;2020-12-30;testede; 23840;  621
0-9;2021-01-06;positive; 11235;  869
0-9;2021-01-06;testede;348827; 3911
10-19;2021-01-06;positive; 28371; 1649
10-19;2021-01-06;testede;549856; 4894
20-29;2021-01-06;positive; 33974; 2490
20-29;2021-01-06;testede;614931; 7981
30-39;2021-01-06;positive; 23996; 1789
30-39;2021-01-06;testede;525046; 6655
40-49;2021-01-06;positive; 26009; 1762
40-49;2021-01-06;testede;556462; 7184
50-59;2021-01-06;positive; 25436; 1955
50-59;2021-01-06;testede;554431; 9222
60-69;2021-01-06;positive; 13718; 1268
60-69;2021-01-06;testede;406013; 7459
70-79;2021-01-06;positive;  8546;  829
70-79;2021-01-06;testede;302088; 5659
80-89;2021-01-06;positive;  4252;  554
80-89;2021-01-06;testede;117187; 2527
90+;2021-01-06;positive;  1300;  193
90+;2021-01-06;testede; 24506;  666
0-9;2021-01-13;positive; 12007;  772
0-9;2021-01-13;testede;353748; 4921
10-19;2021-01-13;positive; 29560; 1189
10-19;2021-01-13;testede;554035; 4179
20-29;2021-01-13;positive; 35733; 1759
20-29;2021-01-13;testede;622480; 7549
30-39;2021-01-13;positive; 25332; 1336
30-39;2021-01-13;testede;532649; 7603
40-49;2021-01-13;positive; 27432; 1423
40-49;2021-01-13;testede;564698; 8236
50-59;2021-01-13;positive; 27042; 1606
50-59;2021-01-13;testede;564807;10376
60-69;2021-01-13;positive; 14674;  956
60-69;2021-01-13;testede;414605; 8592
70-79;2021-01-13;positive;  9224;  678
70-79;2021-01-13;testede;309022; 6934
80-89;2021-01-13;positive;  4806;  554
80-89;2021-01-13;testede;119994; 2807
90+;2021-01-13;positive;  1510;  210
90+;2021-01-13;testede; 25183;  677
0-9;2021-01-20;positive; 12399;  392
0-9;2021-01-20;testede;357436; 3688
10-19;2021-01-20;positive; 30057;  497
10-19;2021-01-20;testede;556909; 2874
20-29;2021-01-20;positive; 36458;  725
20-29;2021-01-20;testede;627726; 5246
30-39;2021-01-20;positive; 26065;  733
30-39;2021-01-20;testede;539236; 6587
40-49;2021-01-20;positive; 28142;  710
40-49;2021-01-20;testede;573805; 9107
50-59;2021-01-20;positive; 27809;  767
50-59;2021-01-20;testede;577791;12984
60-69;2021-01-20;positive; 15138;  464
60-69;2021-01-20;testede;424091; 9486
70-79;2021-01-20;positive;  9526;  302
70-79;2021-01-20;testede;314716; 5694
80-89;2021-01-20;positive;  5061;  255
80-89;2021-01-20;testede;122272; 2278
90+;2021-01-20;positive;  1610;  100
90+;2021-01-20;testede; 25624;  441
0-9;2021-01-27;positive; 12790;  391
0-9;2021-01-27;testede;361587; 4151
10-19;2021-01-27;positive; 30566;  509
10-19;2021-01-27;testede;559932; 3023
20-29;2021-01-27;positive; 37256;  798
20-29;2021-01-27;testede;633607; 5881
30-39;2021-01-27;positive; 26768;  703
30-39;2021-01-27;testede;546248; 7012
40-49;2021-01-27;positive; 28879;  737
40-49;2021-01-27;testede;582807; 9002
50-59;2021-01-27;positive; 28547;  738
50-59;2021-01-27;testede;589958;12167
60-69;2021-01-27;positive; 15641;  503
60-69;2021-01-27;testede;432982; 8891
70-79;2021-01-27;positive;  9811;  285
70-79;2021-01-27;testede;320586; 5870
80-89;2021-01-27;positive;  5272;  211
80-89;2021-01-27;testede;124507; 2235
90+;2021-01-27;positive;  1678;   68
90+;2021-01-27;testede; 26134;  510
0-9;2021-02-03;positive; 13091;  301
0-9;2021-02-03;testede;365334; 3747
10-19;2021-02-03;positive; 30930;  364
10-19;2021-02-03;testede;562892; 2960
20-29;2021-02-03;positive; 37762;  506
20-29;2021-02-03;testede;639366; 5759
30-39;2021-02-03;positive; 27212;  444
30-39;2021-02-03;testede;552444; 6196
40-49;2021-02-03;positive; 29328;  449
40-49;2021-02-03;testede;589724; 6917
50-59;2021-02-03;positive; 28978;  431
50-59;2021-02-03;testede;598950; 8992
60-69;2021-02-03;positive; 15895;  254
60-69;2021-02-03;testede;439936; 6954
70-79;2021-02-03;positive; 10020;  209
70-79;2021-02-03;testede;325658; 5072
80-89;2021-02-03;positive;  5396;  124
80-89;2021-02-03;testede;126664; 2157
90+;2021-02-03;positive;  1723;   45
90+;2021-02-03;testede; 26548;  414
0-9;2021-02-10;positive; 13328;  237
0-9;2021-02-10;testede;369059; 3725
10-19;2021-02-10;positive; 31295;  365
10-19;2021-02-10;testede;565774; 2882
20-29;2021-02-10;positive; 38277;  515
20-29;2021-02-10;testede;644169; 4803
30-39;2021-02-10;positive; 27643;  431
30-39;2021-02-10;testede;557604; 5160
40-49;2021-02-10;positive; 29789;  461
40-49;2021-02-10;testede;595599; 5875
50-59;2021-02-10;positive; 29416;  438
50-59;2021-02-10;testede;605967; 7017
60-69;2021-02-10;positive; 16191;  296
60-69;2021-02-10;testede;445481; 5545
70-79;2021-02-10;positive; 10188;  168
70-79;2021-02-10;testede;329722; 4064
80-89;2021-02-10;positive;  5480;   84
80-89;2021-02-10;testede;128267; 1603
90+;2021-02-10;positive;  1758;   35
90+;2021-02-10;testede; 26895;  347
0-9;2021-02-17;positive; 13673;  345
0-9;2021-02-17;testede;373470; 4411
10-19;2021-02-17;positive; 31643;  348
10-19;2021-02-17;testede;569447; 3673
20-29;2021-02-17;positive; 38738;  461
20-29;2021-02-17;testede;648253; 4084
30-39;2021-02-17;positive; 28052;  409
30-39;2021-02-17;testede;562083; 4479
40-49;2021-02-17;positive; 30169;  380
40-49;2021-02-17;testede;600744; 5145
50-59;2021-02-17;positive; 29791;  375
50-59;2021-02-17;testede;611495; 5528
60-69;2021-02-17;positive; 16405;  214
60-69;2021-02-17;testede;450023; 4542
70-79;2021-02-17;positive; 10298;  110
70-79;2021-02-17;testede;333526; 3804
80-89;2021-02-17;positive;  5525;   45
80-89;2021-02-17;testede;129837; 1570
90+;2021-02-17;positive;  1771;   13
90+;2021-02-17;testede; 27192;  297
