Date;Antal_d√∏de;running_avg_deaths;new_1;new_2;new_3;new_4;new_1_avg;new_2_avg;new_3_avg;new_4_avg;sum_1;sum_2;sum_3;sum_4;active_1;active_2;active_3;active_4
2020-02-10; 0;NA;   0,00000;   0,00000;   0,00000;   0,00000;NA;NA;NA;NA;     0,00000;     0,00000;     0,00000;     0,00000;NA;NA;NA;NA
2020-02-11; 0;NA;   0,00000;   0,00000;   0,00000;   0,00000;NA;NA;NA;NA;     0,00000;     0,00000;     0,00000;     0,00000;NA;NA;NA;NA
2020-02-12; 0;NA;   0,00000;   0,00000;   0,00000;   0,00000;NA;NA;NA;NA;     0,00000;     0,00000;     0,00000;     0,00000;NA;NA;NA;NA
2020-02-13; 0;NA;   0,00000;   0,00000;   0,00000;   0,00000;  10,20408;  16,54716;  21,11189;  25,51020;     0,00000;     0,00000;     0,00000;     0,00000;NA;NA;NA;NA
2020-02-14; 0;NA;  23,80952;  38,61004;  49,26108;  59,52381;  17,00680;  27,57860;  35,18649;  42,51701;    23,80952;    38,61004;    49,26108;    59,52381;NA;NA;NA;NA
2020-02-15; 0;NA;  23,80952;  38,61004;  49,26108;  59,52381;  30,61224;  49,64148;  63,33568;  76,53061;    47,61905;    77,22008;    98,52217;   119,04762;NA;NA;NA;NA
2020-02-16; 0; 0,0000000;  23,80952;  38,61004;  49,26108;  59,52381;  47,61905;  77,22008;  98,52217; 119,04762;    71,42857;   115,83012;   147,78325;   178,57143;NA;NA;NA;NA
2020-02-17; 0; 0,0000000;  47,61905;  77,22008;  98,52217; 119,04762;  68,02721; 110,31440; 140,74595; 170,06803;   119,04762;   193,05019;   246,30542;   297,61905;NA;NA;NA;NA
2020-02-18; 0; 0,0000000;  95,23810; 154,44015; 197,04433; 238,09524;  95,23810; 154,44015; 197,04433; 238,09524;   214,28571;   347,49035;   443,34975;   535,71429;NA;NA;NA;NA
2020-02-19; 0; 0,0000000; 119,04762; 193,05019; 246,30542; 297,61905; 139,45578; 226,14451; 288,52920; 348,63946;   333,33333;   540,54054;   689,65517;   833,33333;NA;NA;NA;NA
2020-02-20; 0; 0,0000000; 142,85714; 231,66023; 295,56650; 357,14286; 197,27891; 319,91175; 408,16327; 493,19728;   476,19048;   772,20077;   985,22167;  1190,47619;NA;NA;NA;NA
2020-02-21; 0; 0,0000000; 214,28571; 347,49035; 443,34975; 535,71429; 258,50340; 419,19470; 534,83462; 646,25850;   690,47619;  1119,69112;  1428,57143;  1726,19048;NA;NA;NA;NA
2020-02-22; 0; 0,0000000; 333,33333; 540,54054; 689,65517; 833,33333; 316,32653; 512,96194; 654,46868; 790,81633;  1023,80952;  1660,23166;  2118,22660;  2559,52381;NA;NA;NA;NA
2020-02-23; 0; 0,0000000; 428,57143; 694,98069; 886,69951;1071,42857; 387,75510; 628,79206; 802,25194; 969,38776;  1452,38095;  2355,21236;  3004,92611;  3630,95238;NA;NA;NA;NA
2020-02-24; 0; 0,0000000; 476,19048; 772,20077; 985,22167;1190,47619; 472,78912; 766,68505; 978,18438;1181,97279;  1928,57143;  3127,41313;  3990,14778;  4821,42857;  333,3333;  540,5405;  689,6552;  833,3333
2020-02-25; 0; 0,0000000; 500,00000; 810,81081;1034,48276;1250,00000; 554,42177; 899,06233;1147,07952;1386,05442;  2428,57143;  3938,22394;  5024,63054;  6071,42857;  476,1905;  772,2008;  985,2217; 1190,4762
2020-02-26; 0; 0,0000000; 619,04762;1003,86100;1280,78818;1547,61905; 642,85714;1042,47104;1330,04926;1607,14286;  3047,61905;  4942,08494;  6305,41872;  7619,04762;  690,4762; 1119,6911; 1428,5714; 1726,1905
2020-02-27; 0; 0,0000000; 738,09524;1196,91120;1527,09360;1845,23810; 744,89796;1207,94264;1541,16819;1862,24490;  3785,71429;  6138,99614;  7832,51232;  9464,28571; 1023,8095; 1660,2317; 2118,2266; 2559,5238
2020-02-28; 0; 0,0000000; 785,71429;1274,13127;1625,61576;1964,28571; 860,54422;1395,47711;1780,43631;2151,36054;  4571,42857;  7413,12741;  9458,12808; 11428,57143; 1452,3810; 2355,2124; 3004,9261; 3630,9524
2020-02-29; 0; 0,0000000; 952,38095;1544,40154;1970,44335;2380,95238; 989,79592;1605,07446;2047,85362;2474,48980;  5523,80952;  8957,52896; 11428,57143; 13809,52381; 1904,7619; 3088,8031; 3940,8867; 4761,9048
2020-03-01; 0; 0,0000000;1142,85714;1853,28185;2364,53202;2857,14286;1119,04762;1814,67181;2315,27094;2797,61905;  6666,66667; 10810,81081; 13793,10345; 16666,66667; 2380,9524; 3861,0039; 4926,1084; 5952,3810
2020-03-02; 0; 0,0000000;1285,71429;2084,94208;2660,09852;3214,28571;1261,90476;2046,33205;2610,83744;3154,76190;  7952,38095; 12895,75290; 16453,20197; 19880,95238; 2976,1905; 4826,2548; 6157,6355; 7440,4762
2020-03-03; 0; 0,0000000;1404,76190;2277,99228;2906,40394;3511,90476;1452,38095;2355,21236;3004,92611;3630,95238;  9357,14286; 15173,74517; 19359,60591; 23392,85714; 3666,6667; 5945,9459; 7586,2069; 9166,6667
2020-03-04; 0; 0,0000000;1523,80952;2471,04247;3152,70936;3809,52381;1639,45578;2658,57694;3391,97748;4098,63946; 10880,95238; 17644,78764; 22512,31527; 27202,38095; 4357,1429; 7065,6371; 9014,7783;10892,8571
2020-03-05; 0; 0,0000000;1738,09524;2818,53282;3596,05911;4345,23810;1826,53061;2961,94153;3779,02885;4566,32653; 12619,04762; 20463,32046; 26108,37438; 31547,61905; 5190,4762; 8416,9884;10738,9163;12976,1905
2020-03-06; 0; 0,0000000;2119,04762;3436,29344;4384,23645;5297,61905;2013,60544;3265,30612;4166,08023;5034,01361; 14738,09524; 23899,61390; 30492,61084; 36845,23810; 6190,4762;10038,6100;12807,8818;15476,1905
2020-03-07; 0; 0,0000000;2261,90476;3667,95367;4679,80296;5654,76190;2197,27891;3563,15499;4546,09430;5493,19728; 17000,00000; 27567,56757; 35172,41379; 42500,00000; 7261,9048;11776,0618;15024,6305;18154,7619
2020-03-08; 0; 0,0000000;2452,38095;3976,83398;5073,89163;6130,95238;2384,35374;3866,51958;4933,14567;5960,88435; 19452,38095; 31544,40154; 40246,30542; 48630,95238; 8333,3333;13513,5135;17241,3793;20833,3333
2020-03-09; 0; 0,0000000;2595,23810;4208,49421;5369,45813;6488,09524;2530,61224;4103,69553;5235,74947;6326,53061; 22047,61905; 35752,89575; 45615,76355; 55119,04762; 9428,5714;15289,5753;19507,3892;23571,4286
2020-03-10; 0; 0,0000000;2690,47619;4362,93436;5566,50246;6726,19048;2598,63946;4214,00993;5376,49543;6496,59864; 24738,09524; 40115,83012; 51182,26601; 61845,23810;10690,4762;17335,9073;22118,2266;26726,1905
2020-03-11; 1; 0,1428571;2833,33333;4594,59459;5862,06897;7083,33333;2629,25170;4263,65141;5439,83110;6573,12925; 27571,42857; 44710,42471; 57044,33498; 68928,57143;12309,5238;19961,3900;25467,9803;30773,8095
2020-03-12; 0; 0,1428571;2761,90476;4478,76448;5714,28571;6904,76190;2619,04762;4247,10425;5418,71921;6547,61905; 30333,33333; 49189,18919; 62758,62069; 75833,33333;13952,3810;22625,4826;28866,9951;34880,9524
2020-03-13; 0; 0,1428571;2595,23810;4208,49421;5369,45813;6488,09524;2574,82993;4175,39989;5327,23434;6437,07483; 32928,57143; 53397,68340; 68128,07882; 82321,42857;15666,6667;25405,4054;32413,7931;39166,6667
2020-03-14; 1; 0,2857143;2476,19048;4015,44402;5123,15271;6190,47619;2513,60544;4076,11693;5200,56298;6284,01361; 35404,76190; 57413,12741; 73251,23153; 88511,90476;17476,1905;28339,7683;36157,6355;43690,4762
2020-03-15; 2; 0,5714286;2380,95238;3861,00386;4926,10837;5952,38095;2428,57143;3938,22394;5024,63054;6071,42857; 37785,71429; 61274,13127; 78177,33990; 94464,28571;19214,2857;31158,3012;39753,6946;48035,7143
2020-03-16; 1; 0,7142857;2285,71429;3706,56371;4729,06404;5714,28571;2353,74150;3816,87810;4869,80999;5884,35374; 40071,42857; 64980,69498; 82906,40394;100178,57143;20904,7619;33899,6139;43251,2315;52261,9048
2020-03-17; 1; 0,8571429;2261,90476;3667,95367;4679,80296;5654,76190;2285,71429;3706,56371;4729,06404;5714,28571; 42333,33333; 68648,64865; 87586,20690;105833,33333;22380,9524;36293,4363;46305,4187;55952,3810
2020-03-18; 4; 1,2857143;2238,09524;3629,34363;4630,54187;5595,23810;2231,29252;3618,31219;4616,46728;5578,23129; 44571,42857; 72277,99228; 92216,74877;111428,57143;23571,4286;38223,9382;48768,4729;58928,5714
2020-03-19; 5; 2,0000000;2238,09524;3629,34363;4630,54187;5595,23810;2166,66667;3513,51351;4482,75862;5416,66667; 46809,52381; 75907,33591; 96847,29064;117023,80952;24523,8095;39768,3398;50738,9163;61309,5238
2020-03-20; 4; 2,5714286;2119,04762;3436,29344;4384,23645;5297,61905;2112,24490;3425,26200;4370,16186;5280,61224; 48928,57143; 79343,62934;101231,52709;122321,42857;25166,6667;40810,8108;52068,9655;62916,6667
2020-03-21; 3; 2,8571429;2095,23810;3397,68340;4334,97537;5238,09524;2044,21769;3314,94760;4229,41590;5110,54422; 51023,80952; 82741,31274;105566,50246;127559,52381;25333,3333;41081,0811;52413,7931;63333,3333
2020-03-22; 3; 3,0000000;1928,57143;3127,41313;3990,14778;4821,42857;1948,97959;3160,50745;4032,37157;4872,44898; 52952,38095; 85868,72587;109556,65025;132380,95238;25333,3333;41081,0811;52413,7931;63333,3333
2020-03-23; 6; 3,7142857;1904,76190;3088,80309;3940,88670;4761,90476;1853,74150;3006,06729;3835,32723;4634,35374; 54857,14286; 88957,52896;113497,53695;137142,85714;25119,0476;40733,5907;51970,4433;62797,6190
2020-03-24; 6; 4,4285714;1785,71429;2895,75290;3694,58128;4464,28571;1789,11565;2901,26862;3701,61858;4472,78912; 56642,85714; 91853,28185;117192,11823;141607,14286;24761,9048;40154,4402;51231,5271;61904,7619
2020-03-25; 6; 4,7142857;1571,42857;2548,26255;3251,23153;3928,57143;1721,08844;2790,95422;3560,87262;4302,72109; 58214,28571; 94401,54440;120443,34975;145535,71429;24190,4762;39227,7992;50049,2611;60476,1905
2020-03-26;12; 5,7142857;1571,42857;2548,26255;3251,23153;3928,57143;1666,66667;2702,70270;3448,27586;4166,66667; 59785,71429; 96949,80695;123694,58128;149464,28571;23452,3810;38030,8880;48522,1675;58630,9524
2020-03-27;12; 6,8571429;1666,66667;2702,70270;3448,27586;4166,66667;1598,63946;2592,38831;3307,52991;3996,59864; 61452,38095; 99652,50965;127142,85714;153630,95238;22619,0476;36679,5367;46798,0296;56547,6190
2020-03-28; 9; 7,7142857;1619,04762;2625,48263;3349,75369;4047,61905;1544,21769;2504,13679;3194,93315;3860,54422; 63071,42857;102277,99228;130492,61084;157678,57143;21928,5714;35559,8456;45369,4581;54821,4286
2020-03-29; 8; 8,4285714;1547,61905;2509,65251;3201,97044;3869,04762;1527,21088;2476,55819;3159,74666;3818,02721; 64619,04762;104787,64479;133694,58128;161547,61905;21238,0952;34440,1544;43940,8867;53095,2381
2020-03-30;11; 9,1428571;1428,57143;2316,60232;2955,66502;3571,42857;1503,40136;2437,94815;3110,48557;3758,50340; 66047,61905;107104,24710;136650,24631;165119,04762;20428,5714;33127,4131;42266,0099;51071,4286
2020-03-31;15;10,4285714;1404,76190;2277,99228;2906,40394;3511,90476;1448,97959;2349,69664;2997,88881;3622,44898; 67452,38095;109382,23938;139556,65025;168630,95238;19714,2857;31969,1120;40788,1773;49285,7143
2020-04-01;22;12,7142857;1452,38095;2355,21236;3004,92611;3630,95238;1397,95918;2266,96084;2892,32935;3494,89796; 68904,76190;111737,45174;142561,57635;172261,90476;19119,0476;31003,8610;39556,6502;47797,6190
2020-04-02;18;13,5714286;1404,76190;2277,99228;2906,40394;3511,90476;1374,14966;2228,35080;2843,06826;3435,37415; 70309,52381;114015,44402;145467,98030;175773,80952;18500,0000;30000,0000;38275,8621;46250,0000
2020-04-03;20;14,7142857;1285,71429;2084,94208;2660,09852;3214,28571;1377,55102;2233,86652;2850,10556;3443,87755; 71595,23810;116100,38610;148128,07882;178988,09524;17809,5238;28880,3089;36847,2906;44523,8095
2020-04-04;15;15,5714286;1261,90476;2046,33205;2610,83744;3154,76190;1397,95918;2266,96084;2892,32935;3494,89796; 72857,14286;118146,71815;150738,91626;182142,85714;17119,0476;27760,6178;35418,7192;42797,6190
2020-04-05;12;16,1428571;1380,95238;2239,38224;2857,14286;3452,38095;1404,76190;2277,99228;2906,40394;3511,90476; 74238,09524;120386,10039;153596,05911;185595,23810;16428,5714;26640,9266;33990,1478;41071,4286
2020-04-06;17;17,0000000;1452,38095;2355,21236;3004,92611;3630,95238;1394,55782;2261,44512;2885,29205;3486,39456; 75690,47619;122741,31274;156600,98522;189226,19048;15952,3810;25868,7259;33004,9261;39880,9524
2020-04-07;12;16,5714286;1547,61905;2509,65251;3201,97044;3869,04762;1391,15646;2255,92940;2878,25475;3477,89116; 77238,09524;125250,96525;159802,95567;193095,23810;15452,3810;25057,9151;31970,4433;38630,9524
2020-04-08;15;15,5714286;1500,00000;2432,43243;3103,44828;3750,00000;1380,95238;2239,38224;2857,14286;3452,38095; 78738,09524;127683,39768;162906,40394;196845,23810;14952,3810;24247,1042;30935,9606;37380,9524
2020-04-09;13;14,8571429;1333,33333;2162,16216;2758,62069;3333,33333;1329,93197;2156,64644;2751,58339;3324,82993; 80071,42857;129845,55985;165665,02463;200178,57143;14642,8571;23745,1737;30295,5665;36607,1429
2020-04-10;16;14,2857143;1261,90476;2046,33205;2610,83744;3154,76190;1251,70068;2029,78489;2589,72555;3129,25170; 81333,33333;131891,89189;168275,86207;203333,33333;14452,3810;23436,2934;29901,4778;36130,9524
2020-04-11;11;13,7142857;1190,47619;1930,50193;2463,05419;2976,19048;1146,25850;1858,79757;2371,56932;2865,64626; 82523,80952;133822,39382;170738,91626;206309,52381;14238,0952;23088,8031;29458,1281;35595,2381
2020-04-12;11;13,5714286;1023,80952;1660,23166;2118,22660;2559,52381;1037,41497;1682,29454;2146,37579;2593,53741; 83547,61905;135482,62548;172857,14286;208869,04762;14166,6667;22972,9730;29310,3448;35416,6667
2020-04-13;16;13,4285714; 904,76190;1467,18147;1871,92118;2261,90476; 965,98639;1566,46442;1998,59254;2414,96599; 84452,38095;136949,80695;174729,06404;211130,95238;14119,0476;22895,7529;29211,8227;35297,6190
2020-04-14;12;13,4285714; 809,52381;1312,74131;1674,87685;2023,80952; 901,36054;1461,66575;1864,88388;2253,40136; 85261,90476;138262,54826;176403,94089;213154,76190;14023,8095;22741,3127;29014,7783;35059,5238
2020-04-15;10;12,7142857; 738,09524;1196,91120;1527,09360;1845,23810; 826,53061;1340,31991;1710,06334;2066,32653; 86000,00000;139459,45946;177931,03448;215000,00000;13880,9524;22509,6525;28719,2118;34702,3810
2020-04-16;12;12,5714286; 833,33333;1351,35135;1724,13793;2083,33333; 782,31293;1268,61555;1618,57847;1955,78231; 86833,33333;140810,81081;179655,17241;217083,33333;13619,0476;22084,9421;28177,3399;34047,6190
2020-04-17; 9;11,5714286; 809,52381;1312,74131;1674,87685;2023,80952; 755,10204;1224,48980;1562,28008;1887,75510; 87642,85714;142123,55212;181330,04926;219107,14286;13238,0952;21467,1815;27389,1626;33095,2381
2020-04-18;10;11,4285714; 666,66667;1081,08108;1379,31034;1666,66667; 734,69388;1191,39548;1520,05630;1836,73469; 88309,52381;143204,63320;182709,35961;220773,80952;12857,1429;20849,4208;26600,9852;32142,8571
2020-04-19; 6;10,7142857; 714,28571;1158,30116;1477,83251;1785,71429; 721,08844;1169,33260;1491,90711;1802,72109; 89023,80952;144362,93436;184187,19212;222559,52381;12404,7619;20115,8301;25665,0246;31011,9048
2020-04-20; 7; 9,4285714; 714,28571;1158,30116;1477,83251;1785,71429; 676,87075;1097,62824;1400,42224;1692,17687; 89738,09524;145521,23552;185665,02463;224345,23810;11761,9048;19073,3591;24334,9754;29404,7619
2020-04-21;12; 9,4285714; 666,66667;1081,08108;1379,31034;1666,66667; 636,05442;1031,43960;1315,97467;1590,13605; 90404,76190;146602,31660;187044,33498;226011,90476;11142,8571;18069,4981;23054,1872;27857,1429
2020-04-22;14;10,0000000; 642,85714;1042,47104;1330,04926;1607,14286; 615,64626; 998,34528;1273,75088;1539,11565; 91047,61905;147644,78764;188374,38424;227619,04762;10404,7619;16872,5869;21527,0936;26011,9048
2020-04-23;10; 9,7142857; 523,80952; 849,42085;1083,74384;1309,52381; 571,42857; 926,64093;1182,26601;1428,57143; 91571,42857;148494,20849;189458,12808;228928,57143; 9571,4286;15521,2355;19802,9557;23928,5714
2020-04-24; 6; 9,2857143; 523,80952; 849,42085;1083,74384;1309,52381; 520,40816; 843,90513;1076,70654;1301,02041; 92095,23810;149343,62934;190541,87192;230238,09524; 8952,3810;14517,3745;18522,1675;22380,9524
2020-04-25; 5; 8,5714286; 523,80952; 849,42085;1083,74384;1309,52381; 469,38776; 761,16933; 971,14708;1173,46939; 92619,04762;150193,05019;191625,61576;231547,61905; 8404,7619;13629,3436;17389,1626;21011,9048
2020-04-26; 5; 8,4285714; 404,76190; 656,37066; 837,43842;1011,90476; 411,56463; 667,40210; 851,51302;1028,91156; 93023,80952;150849,42085;192463,05419;232559,52381; 7880,9524;12779,9228;16305,4187;19702,3810
2020-04-27; 9; 8,7142857; 357,14286; 579,15058; 738,91626; 892,85714; 374,14966; 606,72918; 774,10274; 935,37415; 93380,95238;151428,57143;193201,97044;233452,38095; 7500,0000;12162,1622;15517,2414;18750,0000
2020-04-28;10; 8,4285714; 309,52381; 501,93050; 640,39409; 773,80952; 323,12925; 523,99338; 668,54328; 807,82313; 93690,47619;151930,50193;193842,36453;234226,19048; 7119,0476;11544,4015;14729,0640;17797,6190
2020-04-29; 9; 7,7142857; 238,09524; 386,10039; 492,61084; 595,23810; 272,10884; 441,25758; 562,98381; 680,27211; 93928,57143;152316,60232;194334,97537;234821,42857; 6833,3333;11081,0811;14137,9310;17083,3333
2020-04-30; 9; 7,5714286; 261,90476; 424,71042; 541,87192; 654,76190; 238,09524; 386,10039; 492,61084; 595,23810; 94190,47619;152741,31274;194876,84729;235476,19048; 6619,0476;10733,5907;13694,5813;16547,6190
2020-05-01;11; 8,2857143; 166,66667; 270,27027; 344,82759; 416,66667; 221,08844; 358,52179; 457,42435; 552,72109; 94357,14286;153011,58301;195221,67488;235892,85714; 6190,4762;10038,6100;12807,8818;15476,1905
2020-05-02; 8; 8,7142857; 166,66667; 270,27027; 344,82759; 416,66667; 214,28571; 347,49035; 443,34975; 535,71429; 94523,80952;153281,85328;195566,50246;236309,52381; 5738,0952; 9305,0193;11871,9212;14345,2381
2020-05-03; 9; 9,2857143; 166,66667; 270,27027; 344,82759; 416,66667; 227,89116; 369,55323; 471,49894; 569,72789; 94690,47619;153552,12355;195911,33005;236726,19048; 5380,9524; 8725,8687;11133,0049;13452,3810
2020-05-04; 7; 9,0000000; 238,09524; 386,10039; 492,61084; 595,23810; 231,29252; 375,06895; 478,53624; 578,23129; 94928,57143;153938,22394;196403,94089;237321,42857; 4904,7619; 7953,6680;10147,7833;12261,9048
2020-05-05; 3; 8,0000000; 261,90476; 424,71042; 541,87192; 654,76190; 248,29932; 402,64755; 513,72273; 620,74830; 95190,47619;154362,93436;196945,81281;237976,19048; 4452,3810; 7220,0772; 9211,8227;11130,9524
2020-05-06; 6; 7,5714286; 333,33333; 540,54054; 689,65517; 833,33333; 278,91156; 452,28902; 577,05841; 697,27891; 95523,80952;154903,47490;197635,46798;238809,52381; 3952,3810; 6409,2664; 8177,3399; 9880,9524
2020-05-07; 6; 7,1428571; 285,71429; 463,32046; 591,13300; 714,28571; 312,92517; 507,44622; 647,43139; 782,31293; 95809,52381;155366,79537;198226,60099;239523,80952; 3476,1905; 5637,0656; 7192,1182; 8690,4762
2020-05-08; 4; 6,1428571; 285,71429; 463,32046; 591,13300; 714,28571; 333,33333; 540,54054; 689,65517; 833,33333; 96095,23810;155830,11583;198817,73399;240238,09524; 3119,0476; 5057,9151; 6453,2020; 7797,6190
2020-05-09; 3; 5,4285714; 380,95238; 617,76062; 788,17734; 952,38095; 350,34014; 568,11914; 724,84166; 875,85034; 96476,19048;156447,87645;199605,91133;241190,47619; 2833,3333; 4594,5946; 5862,0690; 7083,3333
2020-05-10; 5; 4,8571429; 404,76190; 656,37066; 837,43842;1011,90476; 346,93878; 562,60342; 717,80436; 867,34694; 96880,95238;157104,24710;200443,34975;242202,38095; 2571,4286; 4169,8842; 5320,1970; 6428,5714
2020-05-11; 4; 4,4285714; 380,95238; 617,76062; 788,17734; 952,38095; 346,93878; 562,60342; 717,80436; 867,34694; 97261,90476;157722,00772;201231,52709;243154,76190; 2500,0000; 4054,0541; 5172,4138; 6250,0000
2020-05-12; 7; 5,0000000; 380,95238; 617,76062; 788,17734; 952,38095; 343,53741; 557,08770; 710,76707; 858,84354; 97642,85714;158339,76834;202019,70443;244107,14286; 2428,5714; 3938,2239; 5024,6305; 6071,4286
2020-05-13; 5; 4,8571429; 309,52381; 501,93050; 640,39409; 773,80952; 316,32653; 512,96194; 654,46868; 790,81633; 97952,38095;158841,69884;202660,09852;244880,95238; 2404,7619; 3899,6139; 4975,3695; 6011,9048
2020-05-14; 0; 4,0000000; 285,71429; 463,32046; 591,13300; 714,28571; 289,11565; 468,83618; 598,17030; 722,78912; 98238,09524;159305,01931;203251,23153;245595,23810; 2547,6190; 4131,2741; 5270,9360; 6369,0476
2020-05-15; 6; 4,2857143; 261,90476; 424,71042; 541,87192; 654,76190; 255,10204; 413,67899; 527,79733; 637,75510; 98500,00000;159729,72973;203793,10345;246250,00000; 2690,4762; 4362,9344; 5566,5025; 6726,1905
2020-05-16; 3; 4,2857143; 190,47619; 308,88031; 394,08867; 476,19048; 217,68707; 353,00607; 450,38705; 544,21769; 98690,47619;160038,61004;204187,19212;246726,19048; 2904,7619; 4710,4247; 6009,8522; 7261,9048
2020-05-17; 3; 4,0000000; 214,28571; 347,49035; 443,34975; 535,71429; 190,47619; 308,88031; 394,08867; 476,19048; 98904,76190;160386,10039;204630,54187;247261,90476; 3119,0476; 5057,9151; 6453,2020; 7797,6190
2020-05-18; 3; 3,8571429; 142,85714; 231,66023; 295,56650; 357,14286; 170,06803; 275,78599; 351,86488; 425,17007; 99047,61905;160617,76062;204926,10837;247619,04762; 3261,9048; 5289,5753; 6748,7685; 8154,7619
2020-05-19; 2; 3,1428571; 119,04762; 193,05019; 246,30542; 297,61905; 156,46259; 253,72311; 323,71569; 391,15646; 99166,66667;160810,81081;205172,41379;247916,66667; 3309,5238; 5366,7954; 6847,2906; 8273,8095
2020-05-20; 5; 3,1428571; 119,04762; 193,05019; 246,30542; 297,61905; 153,06122; 248,20739; 316,67840; 382,65306; 99285,71429;161003,86100;205418,71921;248214,28571; 3309,5238; 5366,7954; 6847,2906; 8273,8095
2020-05-21; 0; 3,1428571; 142,85714; 231,66023; 295,56650; 357,14286; 139,45578; 226,14451; 288,52920; 348,63946; 99428,57143;161235,52124;205714,28571;248571,42857; 3166,6667; 5135,1351; 6551,7241; 7916,6667
2020-05-22; 1; 2,4285714; 166,66667; 270,27027; 344,82759; 416,66667; 139,45578; 226,14451; 288,52920; 348,63946; 99595,23810;161505,79151;206059,11330;248988,09524; 3095,2381; 5019,3050; 6403,9409; 7738,0952
2020-05-23; 1; 2,1428571; 166,66667; 270,27027; 344,82759; 416,66667; 139,45578; 226,14451; 288,52920; 348,63946; 99761,90476;161776,06178;206403,94089;249404,76190; 2952,3810; 4787,6448; 6108,3744; 7380,9524
2020-05-24; 1; 1,8571429; 119,04762; 193,05019; 246,30542; 297,61905; 139,45578; 226,14451; 288,52920; 348,63946; 99880,95238;161969,11197;206650,24631;249702,38095; 2690,4762; 4362,9344; 5566,5025; 6726,1905
2020-05-25; 0; 1,4285714; 142,85714; 231,66023; 295,56650; 357,14286; 136,05442; 220,62879; 281,49191; 340,13605;100023,80952;162200,77220;206945,81281;250059,52381; 2404,7619; 3899,6139; 4975,3695; 6011,9048
2020-05-26; 3; 1,5714286; 119,04762; 193,05019; 246,30542; 297,61905; 125,85034; 204,08163; 260,38001; 314,62585;100142,85714;162393,82239;207192,11823;250357,14286; 2166,6667; 3513,5135; 4482,7586; 5416,6667
2020-05-27; 1; 1,0000000; 119,04762; 193,05019; 246,30542; 297,61905; 115,64626; 187,53447; 239,26812; 289,11565;100261,90476;162586,87259;207438,42365;250654,76190; 1952,3810; 3166,0232; 4039,4089; 4880,9524
2020-05-28; 0; 1,0000000; 119,04762; 193,05019; 246,30542; 297,61905; 108,84354; 176,50303; 225,19353; 272,10884;100380,95238;162779,92278;207684,72906;250952,38095; 1809,5238; 2934,3629; 3743,8424; 4523,8095
2020-05-29; 1; 1,0000000;  95,23810; 154,44015; 197,04433; 238,09524;  95,23810; 154,44015; 197,04433; 238,09524;100476,19048;162934,36293;207881,77340;251190,47619; 1642,8571; 2664,0927; 3399,0148; 4107,1429
2020-05-30; 4; 1,4285714;  95,23810; 154,44015; 197,04433; 238,09524;  88,43537; 143,40871; 182,96974; 221,08844;100571,42857;163088,80309;208078,81773;251428,57143; 1523,8095; 2471,0425; 3152,7094; 3809,5238
2020-05-31; 2; 1,5714286;  71,42857; 115,83012; 147,78325; 178,57143;  81,63265; 132,37728; 168,89514; 204,08163;100642,85714;163204,63320;208226,60099;251607,14286; 1452,3810; 2355,2124; 3004,9261; 3630,9524
2020-06-01; 3; 2,0000000;  47,61905;  77,22008;  98,52217; 119,04762;  71,42857; 115,83012; 147,78325; 178,57143;100690,47619;163281,85328;208325,12315;251726,19048; 1357,1429; 2200,7722; 2807,8818; 3392,8571
2020-06-02; 1; 1,7142857;  71,42857; 115,83012; 147,78325; 178,57143;  64,62585; 104,79868; 133,70866; 161,56463;100761,90476;163397,68340;208472,90640;251904,76190; 1333,3333; 2162,1622; 2758,6207; 3333,3333
2020-06-03; 1; 1,7142857;  71,42857; 115,83012; 147,78325; 178,57143;  54,42177;  88,25152; 112,59676; 136,05442;100833,33333;163513,51351;208620,68966;252083,33333; 1309,5238; 2123,5521; 2709,3596; 3273,8095
2020-06-04; 4; 2,2857143;  47,61905;  77,22008;  98,52217; 119,04762;  47,61905;  77,22008;  98,52217; 119,04762;100880,95238;163590,73359;208719,21182;252202,38095; 1285,7143; 2084,9421; 2660,0985; 3214,2857
2020-06-05; 2; 2,4285714;  47,61905;  77,22008;  98,52217; 119,04762;  47,61905;  77,22008;  98,52217; 119,04762;100928,57143;163667,95367;208817,73399;252321,42857; 1214,2857; 1969,1120; 2512,3153; 3035,7143
2020-06-06; 3; 2,2857143;  23,80952;  38,61004;  49,26108;  59,52381;  40,81633;  66,18864;  84,44757; 102,04082;100952,38095;163706,56371;208866,99507;252380,95238; 1095,2381; 1776,0618; 2266,0099; 2738,0952
2020-06-07; 2; 2,2857143;  23,80952;  38,61004;  49,26108;  59,52381;  40,81633;  66,18864;  84,44757; 102,04082;100976,19048;163745,17375;208916,25616;252440,47619; 1000,0000; 1621,6216; 2068,9655; 2500,0000
2020-06-08; 0; 1,8571429;  47,61905;  77,22008;  98,52217; 119,04762;  44,21769;  71,70436;  91,48487; 110,54422;101023,80952;163822,39382;209014,77833;252559,52381;  952,3810; 1544,4015; 1970,4433; 2380,9524
2020-06-09; 0; 1,7142857;  23,80952;  38,61004;  49,26108;  59,52381;  47,61905;  77,22008;  98,52217; 119,04762;101047,61905;163861,00386;209064,03941;252619,04762;  857,1429; 1389,9614; 1773,3990; 2142,8571
2020-06-10; 0; 1,5714286;  71,42857; 115,83012; 147,78325; 178,57143;  54,42177;  88,25152; 112,59676; 136,05442;101119,04762;163976,83398;209211,82266;252797,61905;  785,7143; 1274,1313; 1625,6158; 1964,2857
2020-06-11; 1; 1,1428571;  71,42857; 115,83012; 147,78325; 178,57143;  64,62585; 104,79868; 133,70866; 161,56463;101190,47619;164092,66409;209359,60591;252976,19048;  690,4762; 1119,6911; 1428,5714; 1726,1905
2020-06-12; 3; 1,2857143;  71,42857; 115,83012; 147,78325; 178,57143;  68,02721; 110,31440; 140,74595; 170,06803;101261,90476;164208,49421;209507,38916;253154,76190;  595,2381;  965,2510; 1231,5271; 1488,0952
2020-06-13; 0; 0,8571429;  71,42857; 115,83012; 147,78325; 178,57143;  74,82993; 121,34584; 154,82055; 187,07483;101333,33333;164324,32432;209655,17241;253333,33333;  547,6190;  888,0309; 1133,0049; 1369,0476
2020-06-14; 1; 0,7142857;  95,23810; 154,44015; 197,04433; 238,09524;  68,02721; 110,31440; 140,74595; 170,06803;101428,57143;164478,76448;209852,21675;253571,42857;  476,1905;  772,2008;  985,2217; 1190,4762
2020-06-15; 0; 0,7142857;  71,42857; 115,83012; 147,78325; 178,57143;  61,22449;  99,28296; 126,67136; 153,06122;101500,00000;164594,59459;210000,00000;253750,00000;  476,1905;  772,2008;  985,2217; 1190,4762
2020-06-16; 1; 0,8571429;  71,42857; 115,83012; 147,78325; 178,57143;  54,42177;  88,25152; 112,59676; 136,05442;101571,42857;164710,42471;210147,78325;253928,57143;  500,0000;  810,8108; 1034,4828; 1250,0000
2020-06-17; 1; 1,0000000;  23,80952;  38,61004;  49,26108;  59,52381;  47,61905;  77,22008;  98,52217; 119,04762;101595,23810;164749,03475;210197,04433;253988,09524;  500,0000;  810,8108; 1034,4828; 1250,0000
2020-06-18; 1; 1,0000000;  23,80952;  38,61004;  49,26108;  59,52381;  37,41497;  60,67292;  77,41027;  93,53741;101619,04762;164787,64479;210246,30542;254047,61905;  500,0000;  810,8108; 1034,4828; 1250,0000
2020-06-19; 1; 0,7142857;  23,80952;  38,61004;  49,26108;  59,52381;  30,61224;  49,64148;  63,33568;  76,53061;101642,85714;164826,25483;210295,56650;254107,14286;  547,6190;  888,0309; 1133,0049; 1369,0476
2020-06-20; 1; 0,8571429;  23,80952;  38,61004;  49,26108;  59,52381;  23,80952;  38,61004;  49,26108;  59,52381;101666,66667;164864,86486;210344,82759;254166,66667;  571,4286;  926,6409; 1182,2660; 1428,5714
2020-06-21; 0; 0,7142857;  23,80952;  38,61004;  49,26108;  59,52381;  23,80952;  38,61004;  49,26108;  59,52381;101690,47619;164903,47490;210394,08867;254226,19048;  619,0476; 1003,8610; 1280,7882; 1547,6190
2020-06-22; 0; 0,7142857;  23,80952;  38,61004;  49,26108;  59,52381;  23,80952;  38,61004;  49,26108;  59,52381;101714,28571;164942,08494;210443,34975;254285,71429;  619,0476; 1003,8610; 1280,7882; 1547,6190
2020-06-23; 1; 0,7142857;  23,80952;  38,61004;  49,26108;  59,52381;  30,61224;  49,64148;  63,33568;  76,53061;101738,09524;164980,69498;210492,61084;254345,23810;  595,2381;  965,2510; 1231,5271; 1488,0952
2020-06-24; 0; 0,5714286;  23,80952;  38,61004;  49,26108;  59,52381;  37,41497;  60,67292;  77,41027;  93,53741;101761,90476;165019,30502;210541,87192;254404,76190;  595,2381;  965,2510; 1231,5271; 1488,0952
2020-06-25; 1; 0,5714286;  23,80952;  38,61004;  49,26108;  59,52381;  40,81633;  66,18864;  84,44757; 102,04082;101785,71429;165057,91506;210591,13300;254464,28571;  547,6190;  888,0309; 1133,0049; 1369,0476
2020-06-26; 0; 0,4285714;  71,42857; 115,83012; 147,78325; 178,57143;  44,21769;  71,70436;  91,48487; 110,54422;101857,14286;165173,74517;210738,91626;254642,85714;  500,0000;  810,8108; 1034,4828; 1250,0000
2020-06-27; 0; 0,2857143;  71,42857; 115,83012; 147,78325; 178,57143;  47,61905;  77,22008;  98,52217; 119,04762;101928,57143;165289,57529;210886,69951;254821,42857;  452,3810;  733,5907;  935,9606; 1130,9524
2020-06-28; 1; 0,4285714;  47,61905;  77,22008;  98,52217; 119,04762;  51,02041;  82,73580; 105,55947; 127,55102;101976,19048;165366,79537;210985,22167;254940,47619;  404,7619;  656,3707;  837,4384; 1011,9048
2020-06-29; 0; 0,4285714;  47,61905;  77,22008;  98,52217; 119,04762;  57,82313;  93,76724; 119,63406; 144,55782;102023,80952;165444,01544;211083,74384;255059,52381;  333,3333;  540,5405;  689,6552;  833,3333
2020-06-30; 0; 0,2857143;  47,61905;  77,22008;  98,52217; 119,04762;  54,42177;  88,25152; 112,59676; 136,05442;102071,42857;165521,23552;211182,26601;255178,57143;  285,7143;  463,3205;  591,1330;  714,2857
2020-07-01; 0; 0,2857143;  47,61905;  77,22008;  98,52217; 119,04762;  51,02041;  82,73580; 105,55947; 127,55102;102119,04762;165598,45560;211280,78818;255297,61905;  285,7143;  463,3205;  591,1330;  714,2857
2020-07-02; 0; 0,1428571;  71,42857; 115,83012; 147,78325; 178,57143;  54,42177;  88,25152; 112,59676; 136,05442;102190,47619;165714,28571;211428,57143;255476,19048;  333,3333;  540,5405;  689,6552;  833,3333
2020-07-03; 0; 0,1428571;  47,61905;  77,22008;  98,52217; 119,04762;  57,82313;  93,76724; 119,63406; 144,55782;102238,09524;165791,50579;211527,09360;255595,23810;  357,1429;  579,1506;  738,9163;  892,8571
2020-07-04; 1; 0,2857143;  47,61905;  77,22008;  98,52217; 119,04762;  61,22449;  99,28296; 126,67136; 153,06122;102285,71429;165868,72587;211625,61576;255714,28571;  380,9524;  617,7606;  788,1773;  952,3810
2020-07-05; 0; 0,1428571;  71,42857; 115,83012; 147,78325; 178,57143;  64,62585; 104,79868; 133,70866; 161,56463;102357,14286;165984,55598;211773,39901;255892,85714;  404,7619;  656,3707;  837,4384; 1011,9048
2020-07-06; 2; 0,4285714;  71,42857; 115,83012; 147,78325; 178,57143;  61,22449;  99,28296; 126,67136; 153,06122;102428,57143;166100,38610;211921,18227;256071,42857;  428,5714;  694,9807;  886,6995; 1071,4286
2020-07-07; 0; 0,4285714;  71,42857; 115,83012; 147,78325; 178,57143;  61,22449;  99,28296; 126,67136; 153,06122;102500,00000;166216,21622;212068,96552;256250,00000;  476,1905;  772,2008;  985,2217; 1190,4762
2020-07-08; 0; 0,4285714;  71,42857; 115,83012; 147,78325; 178,57143;  61,22449;  99,28296; 126,67136; 153,06122;102571,42857;166332,04633;212216,74877;256428,57143;  500,0000;  810,8108; 1034,4828; 1250,0000
2020-07-09; 0; 0,4285714;  47,61905;  77,22008;  98,52217; 119,04762;  54,42177;  88,25152; 112,59676; 136,05442;102619,04762;166409,26641;212315,27094;256547,61905;  523,8095;  849,4208; 1083,7438; 1309,5238
2020-07-10; 1; 0,5714286;  47,61905;  77,22008;  98,52217; 119,04762;  51,02041;  82,73580; 105,55947; 127,55102;102666,66667;166486,48649;212413,79310;256666,66667;  571,4286;  926,6409; 1182,2660; 1428,5714
2020-07-11; 0; 0,4285714;  47,61905;  77,22008;  98,52217; 119,04762;  54,42177;  88,25152; 112,59676; 136,05442;102714,28571;166563,70656;212512,31527;256785,71429;  571,4286;  926,6409; 1182,2660; 1428,5714
2020-07-12; 0; 0,4285714;  23,80952;  38,61004;  49,26108;  59,52381;  61,22449;  99,28296; 126,67136; 153,06122;102738,09524;166602,31660;212561,57635;256845,23810;  571,4286;  926,6409; 1182,2660; 1428,5714
2020-07-13; 0; 0,1428571;  47,61905;  77,22008;  98,52217; 119,04762;  71,42857; 115,83012; 147,78325; 178,57143;102785,71429;166679,53668;212660,09852;256964,28571;  595,2381;  965,2510; 1231,5271; 1488,0952
2020-07-14; 0; 0,1428571;  95,23810; 154,44015; 197,04433; 238,09524;  78,23129; 126,86156; 161,85785; 195,57823;102880,95238;166833,97683;212857,14286;257202,38095;  595,2381;  965,2510; 1231,5271; 1488,0952
2020-07-15; 0; 0,1428571; 119,04762; 193,05019; 246,30542; 297,61905;  85,03401; 137,89300; 175,93244; 212,58503;103000,00000;167027,02703;213103,44828;257500,00000;  595,2381;  965,2510; 1231,5271; 1488,0952
2020-07-16; 0; 0,1428571; 119,04762; 193,05019; 246,30542; 297,61905;  95,23810; 154,44015; 197,04433; 238,09524;103119,04762;167220,07722;213349,75369;257797,61905;  595,2381;  965,2510; 1231,5271; 1488,0952
2020-07-17; 1; 0,1428571;  95,23810; 154,44015; 197,04433; 238,09524;  98,63946; 159,95587; 204,08163; 246,59864;103214,28571;167374,51737;213546,79803;258035,71429;  547,6190;  888,0309; 1133,0049; 1369,0476
2020-07-18; 0; 0,1428571;  95,23810; 154,44015; 197,04433; 238,09524;  88,43537; 143,40871; 182,96974; 221,08844;103309,52381;167528,95753;213743,84236;258273,80952;  547,6190;  888,0309; 1133,0049; 1369,0476
2020-07-19; 0; 0,1428571;  95,23810; 154,44015; 197,04433; 238,09524;  71,42857; 115,83012; 147,78325; 178,57143;103404,76190;167683,39768;213940,88670;258511,90476;  595,2381;  965,2510; 1231,5271; 1488,0952
2020-07-20; 0; 0,1428571;  71,42857; 115,83012; 147,78325; 178,57143;  54,42177;  88,25152; 112,59676; 136,05442;103476,19048;167799,22780;214088,66995;258690,47619;  642,8571; 1042,4710; 1330,0493; 1607,1429
2020-07-21; 0; 0,1428571;  23,80952;  38,61004;  49,26108;  59,52381;  40,81633;  66,18864;  84,44757; 102,04082;103500,00000;167837,83784;214137,93103;258750,00000;  690,4762; 1119,6911; 1428,5714; 1726,1905
2020-07-22; 2; 0,4285714;   0,00000;   0,00000;   0,00000;   0,00000;  27,21088;  44,12576;  56,29838;  68,02721;103500,00000;167837,83784;214137,93103;258750,00000;  714,2857; 1158,3012; 1477,8325; 1785,7143
2020-07-23; 0; 0,4285714;   0,00000;   0,00000;   0,00000;   0,00000;  17,00680;  27,57860;  35,18649;  42,51701;103500,00000;167837,83784;214137,93103;258750,00000;  738,0952; 1196,9112; 1527,0936; 1845,2381
2020-07-24; 0; 0,2857143;   0,00000;   0,00000;   0,00000;   0,00000;  13,60544;  22,06288;  28,14919;  34,01361;103500,00000;167837,83784;214137,93103;258750,00000;  785,7143; 1274,1313; 1625,6158; 1964,2857
2020-07-25; 0; 0,2857143;   0,00000;   0,00000;   0,00000;   0,00000;  17,00680;  27,57860;  35,18649;  42,51701;103500,00000;167837,83784;214137,93103;258750,00000;  809,5238; 1312,7413; 1674,8768; 2023,8095
2020-07-26; 0; 0,2857143;  23,80952;  38,61004;  49,26108;  59,52381;  23,80952;  38,61004;  49,26108;  59,52381;103523,80952;167876,44788;214187,19212;258809,52381;  785,7143; 1274,1313; 1625,6158; 1964,2857
2020-07-27; 0; 0,2857143;  47,61905;  77,22008;  98,52217; 119,04762;  34,01361;  55,15720;  70,37298;  85,03401;103571,42857;167953,66795;214285,71429;258928,57143;  761,9048; 1235,5212; 1576,3547; 1904,7619
2020-07-28; 1; 0,4285714;  47,61905;  77,22008;  98,52217; 119,04762;  44,21769;  71,70436;  91,48487; 110,54422;103619,04762;168030,88803;214384,23645;259047,61905;  714,2857; 1158,3012; 1477,8325; 1785,7143
2020-07-29; 1; 0,2857143;  47,61905;  77,22008;  98,52217; 119,04762;  54,42177;  88,25152; 112,59676; 136,05442;103666,66667;168108,10811;214482,75862;259166,66667;  619,0476; 1003,8610; 1280,7882; 1547,6190
2020-07-30; 0; 0,2857143;  71,42857; 115,83012; 147,78325; 178,57143;  57,82313;  93,76724; 119,63406; 144,55782;103738,09524;168223,93822;214630,54187;259345,23810;  500,0000;  810,8108; 1034,4828; 1250,0000
2020-07-31; 1; 0,4285714;  71,42857; 115,83012; 147,78325; 178,57143;  54,42177;  88,25152; 112,59676; 136,05442;103809,52381;168339,76834;214778,32512;259523,80952;  404,7619;  656,3707;  837,4384; 1011,9048
2020-08-01; 0; 0,4285714;  71,42857; 115,83012; 147,78325; 178,57143;  51,02041;  82,73580; 105,55947; 127,55102;103880,95238;168455,59846;214926,10837;259702,38095;  357,1429;  579,1506;  738,9163;  892,8571
2020-08-02; 0; 0,4285714;  47,61905;  77,22008;  98,52217; 119,04762;  54,42177;  88,25152; 112,59676; 136,05442;103928,57143;168532,81853;215024,63054;259821,42857;  309,5238;  501,9305;  640,3941;  773,8095
2020-08-03; 0; 0,4285714;  23,80952;  38,61004;  49,26108;  59,52381;  51,02041;  82,73580; 105,55947; 127,55102;103952,38095;168571,42857;215073,89163;259880,95238;  261,9048;  424,7104;  541,8719;  654,7619
2020-08-04; 0; 0,2857143;  23,80952;  38,61004;  49,26108;  59,52381;  47,61905;  77,22008;  98,52217; 119,04762;103976,19048;168610,03861;215123,15271;259940,47619;  261,9048;  424,7104;  541,8719;  654,7619
2020-08-05; 1; 0,2857143;  71,42857; 115,83012; 147,78325; 178,57143;  47,61905;  77,22008;  98,52217; 119,04762;104047,61905;168725,86873;215270,93596;260119,04762;  309,5238;  501,9305;  640,3941;  773,8095
2020-08-06; 0; 0,2857143;  47,61905;  77,22008;  98,52217; 119,04762;  51,02041;  82,73580; 105,55947; 127,55102;104095,23810;168803,08880;215369,45813;260238,09524;  380,9524;  617,7606;  788,1773;  952,3810
2020-08-07; 0; 0,1428571;  47,61905;  77,22008;  98,52217; 119,04762;  57,82313;  93,76724; 119,63406; 144,55782;104142,85714;168880,30888;215467,98030;260357,14286;  428,5714;  694,9807;  886,6995; 1071,4286
2020-08-08; 1; 0,2857143;  71,42857; 115,83012; 147,78325; 178,57143;  68,02721; 110,31440; 140,74595; 170,06803;104214,28571;168996,13900;215615,76355;260535,71429;  452,3810;  733,5907;  935,9606; 1130,9524
2020-08-09; 2; 0,5714286;  71,42857; 115,83012; 147,78325; 178,57143;  64,62585; 104,79868; 133,70866; 161,56463;104285,71429;169111,96911;215763,54680;260714,28571;  476,1905;  772,2008;  985,2217; 1190,4762
2020-08-10; 1; 0,7142857;  71,42857; 115,83012; 147,78325; 178,57143;  64,62585; 104,79868; 133,70866; 161,56463;104357,14286;169227,79923;215911,33005;260892,85714;  523,8095;  849,4208; 1083,7438; 1309,5238
2020-08-11; 0; 0,7142857;  95,23810; 154,44015; 197,04433; 238,09524;  68,02721; 110,31440; 140,74595; 170,06803;104452,38095;169382,23938;216108,37438;261130,95238;  523,8095;  849,4208; 1083,7438; 1309,5238
2020-08-12; 0; 0,5714286;  47,61905;  77,22008;  98,52217; 119,04762;  64,62585; 104,79868; 133,70866; 161,56463;104500,00000;169459,45946;216206,89655;261250,00000;  523,8095;  849,4208; 1083,7438; 1309,5238
2020-08-13; 0; 0,5714286;  47,61905;  77,22008;  98,52217; 119,04762;  64,62585; 104,79868; 133,70866; 161,56463;104547,61905;169536,67954;216305,41872;261369,04762;  547,6190;  888,0309; 1133,0049; 1369,0476
2020-08-14; 0; 0,5714286;  71,42857; 115,83012; 147,78325; 178,57143;  68,02721; 110,31440; 140,74595; 170,06803;104619,04762;169652,50965;216453,20197;261547,61905;  547,6190;  888,0309; 1133,0049; 1369,0476
2020-08-15; 0; 0,4285714;  47,61905;  77,22008;  98,52217; 119,04762;  71,42857; 115,83012; 147,78325; 178,57143;104666,66667;169729,72973;216551,72414;261666,66667;  547,6190;  888,0309; 1133,0049; 1369,0476
2020-08-16; 0; 0,1428571;  71,42857; 115,83012; 147,78325; 178,57143;  81,63265; 132,37728; 168,89514; 204,08163;104738,09524;169845,55985;216699,50739;261845,23810;  571,4286;  926,6409; 1182,2660; 1428,5714
2020-08-17; 0; 0,0000000;  95,23810; 154,44015; 197,04433; 238,09524;  95,23810; 154,44015; 197,04433; 238,09524;104833,33333;170000,00000;216896,55172;262083,33333;  571,4286;  926,6409; 1182,2660; 1428,5714
2020-08-18; 0; 0,0000000; 119,04762; 193,05019; 246,30542; 297,61905; 105,44218; 170,98731; 218,15623; 263,60544;104952,38095;170193,05019;217142,85714;262380,95238;  595,2381;  965,2510; 1231,5271; 1488,0952
2020-08-19; 0; 0,0000000; 119,04762; 193,05019; 246,30542; 297,61905; 119,04762; 193,05019; 246,30542; 297,61905;105071,42857;170386,10039;217389,16256;262678,57143;  642,8571; 1042,4710; 1330,0493; 1607,1429
2020-08-20; 0; 0,0000000; 142,85714; 231,66023; 295,56650; 357,14286; 125,85034; 204,08163; 260,38001; 314,62585;105214,28571;170617,76062;217684,72906;263035,71429;  619,0476; 1003,8610; 1280,7882; 1547,6190
2020-08-21; 1; 0,1428571; 142,85714; 231,66023; 295,56650; 357,14286; 136,05442; 220,62879; 281,49191; 340,13605;105357,14286;170849,42085;217980,29557;263392,85714;  642,8571; 1042,4710; 1330,0493; 1607,1429
2020-08-22; 1; 0,2857143; 142,85714; 231,66023; 295,56650; 357,14286; 146,25850; 237,17595; 302,60380; 365,64626;105500,00000;171081,08108;218275,86207;263750,00000;  690,4762; 1119,6911; 1428,5714; 1726,1905
2020-08-23; 0; 0,2857143; 119,04762; 193,05019; 246,30542; 297,61905; 159,86395; 259,23883; 330,75299; 399,65986;105619,04762;171274,13127;218522,16749;264047,61905;  738,0952; 1196,9112; 1527,0936; 1845,2381
2020-08-24; 0; 0,2857143; 166,66667; 270,27027; 344,82759; 416,66667; 173,46939; 281,30171; 358,90218; 433,67347;105785,71429;171544,40154;218866,99507;264464,28571;  785,7143; 1274,1313; 1625,6158; 1964,2857
2020-08-25; 1; 0,4285714; 190,47619; 308,88031; 394,08867; 476,19048; 187,07483; 303,36459; 387,05137; 467,68707;105976,19048;171853,28185;219261,08374;264940,47619;  857,1429; 1389,9614; 1773,3990; 2142,8571
2020-08-26; 0; 0,4285714; 214,28571; 347,49035; 443,34975; 535,71429; 207,48299; 336,45891; 429,27516; 518,70748;106190,47619;172200,77220;219704,43350;265476,19048;  904,7619; 1467,1815; 1871,9212; 2261,9048
2020-08-27; 0; 0,4285714; 238,09524; 386,10039; 492,61084; 595,23810; 234,69388; 380,58467; 485,57354; 586,73469;106428,57143;172586,87259;220197,04433;266071,42857; 1000,0000; 1621,6216; 2068,9655; 2500,0000
2020-08-28; 0; 0,2857143; 238,09524; 386,10039; 492,61084; 595,23810; 248,29932; 402,64755; 513,72273; 620,74830;106666,66667;172972,97297;220689,65517;266666,66667; 1071,4286; 1737,4517; 2216,7488; 2678,5714
2020-08-29; 0; 0,1428571; 285,71429; 463,32046; 591,13300; 714,28571; 248,29932; 402,64755; 513,72273; 620,74830;106952,38095;173436,29344;221280,78818;267380,95238; 1166,6667; 1891,8919; 2413,7931; 2916,6667
2020-08-30; 0; 0,1428571; 309,52381; 501,93050; 640,39409; 773,80952; 244,89796; 397,13183; 506,68543; 612,24490;107261,90476;173938,22394;221921,18227;268154,76190; 1309,5238; 2123,5521; 2709,3596; 3273,8095
2020-08-31; 2; 0,4285714; 261,90476; 424,71042; 541,87192; 654,76190; 234,69388; 380,58467; 485,57354; 586,73469;107523,80952;174362,93436;222463,05419;268809,52381; 1452,3810; 2355,2124; 3004,9261; 3630,9524
2020-09-01; 0; 0,2857143; 190,47619; 308,88031; 394,08867; 476,19048; 221,08844; 358,52179; 457,42435; 552,72109;107714,28571;174671,81467;222857,14286;269285,71429; 1595,2381; 2586,8726; 3300,4926; 3988,0952
2020-09-02; 0; 0,2857143; 190,47619; 308,88031; 394,08867; 476,19048; 200,68027; 325,42747; 415,20056; 501,70068;107904,76190;174980,69498;223251,23153;269761,90476; 1714,2857; 2779,9228; 3546,7980; 4285,7143
2020-09-03; 1; 0,4285714; 166,66667; 270,27027; 344,82759; 416,66667; 180,27211; 292,33315; 372,97678; 450,68027;108071,42857;175250,96525;223596,05911;270178,57143; 1880,9524; 3050,1931; 3891,6256; 4702,3810
2020-09-04; 0; 0,4285714; 142,85714; 231,66023; 295,56650; 357,14286; 173,46939; 281,30171; 358,90218; 433,67347;108214,28571;175482,62548;223891,62562;270535,71429; 2047,6190; 3320,4633; 4236,4532; 5119,0476
2020-09-05; 0; 0,4285714; 142,85714; 231,66023; 295,56650; 357,14286; 187,07483; 303,36459; 387,05137; 467,68707;108357,14286;175714,28571;224187,19212;270892,85714; 2166,6667; 3513,5135; 4482,7586; 5416,6667
2020-09-06; 1; 0,5714286; 166,66667; 270,27027; 344,82759; 416,66667; 204,08163; 330,94319; 422,23786; 510,20408;108523,80952;175984,55598;224532,01970;271309,52381; 2214,2857; 3590,7336; 4581,2808; 5535,7143
2020-09-07; 0; 0,2857143; 214,28571; 347,49035; 443,34975; 535,71429; 221,08844; 358,52179; 457,42435; 552,72109;108738,09524;176332,04633;224975,36946;271845,23810; 2285,7143; 3706,5637; 4729,0640; 5714,2857
2020-09-08; 0; 0,2857143; 285,71429; 463,32046; 591,13300; 714,28571; 244,89796; 397,13183; 506,68543; 612,24490;109023,80952;176795,36680;225566,50246;272559,52381; 2285,7143; 3706,5637; 4729,0640; 5714,2857
2020-09-09; 1; 0,4285714; 309,52381; 501,93050; 640,39409; 773,80952; 268,70748; 435,74186; 555,94652; 671,76871;109333,33333;177297,29730;226206,89655;273333,33333; 2238,0952; 3629,3436; 4630,5419; 5595,2381
2020-09-10; 0; 0,2857143; 285,71429; 463,32046; 591,13300; 714,28571; 285,71429; 463,32046; 591,13300; 714,28571;109619,04762;177760,61776;226798,02956;274047,61905; 2166,6667; 3513,5135; 4482,7586; 5416,6667
2020-09-11; 1; 0,4285714; 309,52381; 501,93050; 640,39409; 773,80952; 295,91837; 479,86762; 612,24490; 739,79592;109928,57143;178262,54826;227438,42365;274821,42857; 2095,2381; 3397,6834; 4334,9754; 5238,0952
2020-09-12; 1; 0,5714286; 309,52381; 501,93050; 640,39409; 773,80952; 292,51701; 474,35190; 605,20760; 731,29252;110238,09524;178764,47876;228078,81773;275595,23810; 2071,4286; 3359,0734; 4285,7143; 5178,5714
2020-09-13; 2; 0,7142857; 285,71429; 463,32046; 591,13300; 714,28571; 289,11565; 468,83618; 598,17030; 722,78912;110523,80952;179227,79923;228669,95074;276309,52381; 2071,4286; 3359,0734; 4285,7143; 5178,5714
2020-09-14; 0; 0,7142857; 285,71429; 463,32046; 591,13300; 714,28571; 292,51701; 474,35190; 605,20760; 731,29252;110809,52381;179691,11969;229261,08374;277023,80952; 2071,4286; 3359,0734; 4285,7143; 5178,5714
2020-09-15; 1; 0,8571429; 261,90476; 424,71042; 541,87192; 654,76190; 292,51701; 474,35190; 605,20760; 731,29252;111071,42857;180115,83012;229802,95567;277678,57143; 2095,2381; 3397,6834; 4334,9754; 5238,0952
2020-09-16; 1; 0,8571429; 285,71429; 463,32046; 591,13300; 714,28571; 285,71429; 463,32046; 591,13300; 714,28571;111357,14286;180579,15058;230394,08867;278392,85714; 2214,2857; 3590,7336; 4581,2808; 5535,7143
2020-09-17; 0; 0,8571429; 309,52381; 501,93050; 640,39409; 773,80952; 285,71429; 463,32046; 591,13300; 714,28571;111666,66667;181081,08108;231034,48276;279166,66667; 2333,3333; 3783,7838; 4827,5862; 5833,3333
2020-09-18; 0; 0,7142857; 309,52381; 501,93050; 640,39409; 773,80952; 292,51701; 474,35190; 605,20760; 731,29252;111976,19048;181583,01158;231674,87685;279940,47619; 2452,3810; 3976,8340; 5073,8916; 6130,9524
2020-09-19; 3; 1,0000000; 261,90476; 424,71042; 541,87192; 654,76190; 306,12245; 496,41478; 633,35679; 765,30612;112238,09524;182007,72201;232216,74877;280595,23810; 2595,2381; 4208,4942; 5369,4581; 6488,0952
2020-09-20; 3; 1,1428571; 285,71429; 463,32046; 591,13300; 714,28571; 309,52381; 501,93050; 640,39409; 773,80952;112523,80952;182471,04247;232807,88177;281309,52381; 2714,2857; 4401,5444; 5615,7635; 6785,7143
2020-09-21; 1; 1,2857143; 333,33333; 540,54054; 689,65517; 833,33333; 316,32653; 512,96194; 654,46868; 790,81633;112857,14286;183011,58301;233497,53695;282142,85714; 2833,3333; 4594,5946; 5862,0690; 7083,3333
2020-09-22; 2; 1,4285714; 357,14286; 579,15058; 738,91626; 892,85714; 333,33333; 540,54054; 689,65517; 833,33333;113214,28571;183590,73359;234236,45320;283035,71429; 2928,5714; 4749,0347; 6059,1133; 7321,4286
2020-09-23; 1; 1,4285714; 309,52381; 501,93050; 640,39409; 773,80952; 370,74830; 601,21346; 767,06545; 926,87075;113523,80952;184092,66409;234876,84729;283809,52381; 2952,3810; 4787,6448; 6108,3744; 7380,9524
2020-09-24; 2; 1,7142857; 357,14286; 579,15058; 738,91626; 892,85714; 414,96599; 672,91782; 858,55032;1037,41497;113880,95238;184671,81467;235615,76355;284702,38095; 2904,7619; 4710,4247; 6009,8522; 7261,9048
2020-09-25; 1; 1,8571429; 428,57143; 694,98069; 886,69951;1071,42857; 445,57823; 722,55929; 921,88600;1113,94558;114309,52381;185366,79537;236502,46305;285773,80952; 2904,7619; 4710,4247; 6009,8522; 7261,9048
2020-09-26; 1; 1,5714286; 523,80952; 849,42085;1083,74384;1309,52381; 472,78912; 766,68505; 978,18438;1181,97279;114833,33333;186216,21622;237586,20690;287083,33333; 2928,5714; 4749,0347; 6059,1133; 7321,4286
2020-09-27; 0; 1,1428571; 595,23810; 965,25097;1231,52709;1488,09524; 513,60544; 832,87369;1062,63195;1284,01361;115428,57143;187181,46718;238817,73399;288571,42857; 2976,1905; 4826,2548; 6157,6355; 7440,4762
2020-09-28; 1; 1,1428571; 547,61905; 888,03089;1133,00493;1369,04762; 544,21769; 882,51517;1125,96763;1360,54422;115976,19048;188069,49807;239950,73892;289940,47619; 3000,0000; 4864,8649; 6206,8966; 7500,0000
2020-09-29; 1; 1,0000000; 547,61905; 888,03089;1133,00493;1369,04762; 554,42177; 899,06233;1147,07952;1386,05442;116523,80952;188957,52896;241083,74384;291309,52381; 3071,4286; 4980,6950; 6354,6798; 7678,5714
2020-09-30; 0; 0,8571429; 595,23810; 965,25097;1231,52709;1488,09524;NA;NA;NA;NA;117119,04762;189922,77992;242315,27094;292797,61905; 3238,0952; 5250,9653; 6699,5074; 8095,2381
2020-10-01; 2; 0,8571429; 571,42857; 926,64093;1182,26601;1428,57143;NA;NA;NA;NA;117690,47619;190849,42085;243497,53695;294226,19048; 3476,1905; 5637,0656; 7192,1182; 8690,4762
2020-10-02; 2; 1,0000000; 500,00000; 810,81081;1034,48276;1250,00000;NA;NA;NA;NA;118190,47619;191660,23166;244532,01970;295476,19048; 3761,9048; 6100,3861; 7783,2512; 9404,7619
2020-10-03; 3; 1,2857143;NA;NA;NA;NA;NA;NA;NA;NA;NA;NA;NA;NA; 4000,0000; 6486,4865; 8275,8621;10000,0000
2020-10-04; 3; 1,7142857;NA;NA;NA;NA;NA;NA;NA;NA;NA;NA;NA;NA; 4285,7143; 6949,8069; 8866,9951;10714,2857
2020-10-05; 2; 1,8571429;NA;NA;NA;NA;NA;NA;NA;NA;NA;NA;NA;NA; 4595,2381; 7451,7375; 9507,3892;11488,0952
2020-10-06; 0; 1,7142857;NA;NA;NA;NA;NA;NA;NA;NA;NA;NA;NA;NA; 4833,3333; 7837,8378;10000,0000;12083,3333
2020-10-07; 1; 1,8571429;NA;NA;NA;NA;NA;NA;NA;NA;NA;NA;NA;NA; 4976,1905; 8069,4981;10295,5665;12440,4762
2020-10-08; 2; 1,8571429;NA;NA;NA;NA;NA;NA;NA;NA;NA;NA;NA;NA;NA;NA;NA;NA
2020-10-09; 1; 1,7142857;NA;NA;NA;NA;NA;NA;NA;NA;NA;NA;NA;NA;NA;NA;NA;NA
2020-10-10; 3; 1,7142857;NA;NA;NA;NA;NA;NA;NA;NA;NA;NA;NA;NA;NA;NA;NA;NA
2020-10-11; 2; 1,5714286;NA;NA;NA;NA;NA;NA;NA;NA;NA;NA;NA;NA;NA;NA;NA;NA
2020-10-12; 3; 1,7142857;NA;NA;NA;NA;NA;NA;NA;NA;NA;NA;NA;NA;NA;NA;NA;NA
2020-10-13; 1; 1,8571429;NA;NA;NA;NA;NA;NA;NA;NA;NA;NA;NA;NA;NA;NA;NA;NA
2020-10-14; 1; 1,8571429;NA;NA;NA;NA;NA;NA;NA;NA;NA;NA;NA;NA;NA;NA;NA;NA
2020-10-15; 0; 1,5714286;NA;NA;NA;NA;NA;NA;NA;NA;NA;NA;NA;NA;NA;NA;NA;NA
2020-10-16; 2; 1,7142857;NA;NA;NA;NA;NA;NA;NA;NA;NA;NA;NA;NA;NA;NA;NA;NA
2020-10-17; 5; 2,0000000;NA;NA;NA;NA;NA;NA;NA;NA;NA;NA;NA;NA;NA;NA;NA;NA
2020-10-18; 3; 2,1428571;NA;NA;NA;NA;NA;NA;NA;NA;NA;NA;NA;NA;NA;NA;NA;NA
2020-10-19; 1; 1,8571429;NA;NA;NA;NA;NA;NA;NA;NA;NA;NA;NA;NA;NA;NA;NA;NA
2020-10-20; 3; 2,1428571;NA;NA;NA;NA;NA;NA;NA;NA;NA;NA;NA;NA;NA;NA;NA;NA
2020-10-21; 4; 2,5714286;NA;NA;NA;NA;NA;NA;NA;NA;NA;NA;NA;NA;NA;NA;NA;NA
2020-10-22; 4; 3,1428571;NA;NA;NA;NA;NA;NA;NA;NA;NA;NA;NA;NA;NA;NA;NA;NA
2020-10-23; 5; 3,5714286;NA;NA;NA;NA;NA;NA;NA;NA;NA;NA;NA;NA;NA;NA;NA;NA
2020-10-24; 3; 3,2857143;NA;NA;NA;NA;NA;NA;NA;NA;NA;NA;NA;NA;NA;NA;NA;NA
2020-10-25; 3; 3,2857143;NA;NA;NA;NA;NA;NA;NA;NA;NA;NA;NA;NA;NA;NA;NA;NA
2020-10-26; 3; 3,5714286;NA;NA;NA;NA;NA;NA;NA;NA;NA;NA;NA;NA;NA;NA;NA;NA
2020-10-27; 2; 3,4285714;NA;NA;NA;NA;NA;NA;NA;NA;NA;NA;NA;NA;NA;NA;NA;NA
2020-10-28; 1; 3,0000000;NA;NA;NA;NA;NA;NA;NA;NA;NA;NA;NA;NA;NA;NA;NA;NA
