date;Aldersgruppe;admitted;tested;positive;Population;total_admitted;total_positive;total_tested
2020-01-27;0-2;  0,0;    0;   0; 185530;  0,000000;    0,00000;     0,00000
2020-01-27;3-5;  0,0;    0;   0; 181351;  0,000000;    0,00000;     0,00000
2020-01-27;6-11;  0,0;    0;   0; 382511;  0,000000;    0,00000;     0,00000
2020-01-27;12-15;  0,0;    0;   0; 271494;  0,000000;    0,00000;     0,00000
2020-01-27;16-19;  0,0;    0;   0; 275514;  0,000000;    0,00000;     0,00000
2020-01-27;20-39;  0,0;    0;   0;1469509;  0,000000;    0,00000;     0,00000
2020-01-27;40-64;  0,0;    0;   0;1900863;  0,000000;    0,00000;     0,00000
2020-01-27;65-79;  0,0;    0;   0; 883665;  0,000000;    0,00000;     0,00000
2020-01-27;80+;  0,0;    0;   0; 272326;  0,000000;    0,00000;     0,00000
2020-02-03;65-79;  0,0;    0;   0; 883665;  0,000000;    0,00000;     0,00000
2020-02-17;40-64;  0,0;    0;   0;1900863;  0,000000;    0,00000;     0,00000
2020-02-24;20-39;  0,0;    0;   0;1469509;  0,000000;    0,00000;     0,00000
2020-02-24;40-64;  0,0;    0;   0;1900863;  0,000000;    0,00000;     0,00000
2020-03-02;0-2;  0,0;    3;   0; 185530;  0,000000;    0,00000;     5,56590
2020-03-02;3-5;  0,0;    4;   0; 181351;  0,000000;    0,00000;     7,25404
2020-03-02;6-11;  0,0;   12;   0; 382511;  0,000000;    0,00000;    45,90132
2020-03-02;12-15;  0,4;   16;   0; 271494;  1,085976;    0,00000;    43,43904
2020-03-02;16-19;  0,0;   13;   0; 275514;  0,000000;    0,00000;    35,81682
2020-03-02;20-39;  0,0;    5;   0;1469509;  0,000000;    0,00000;    73,47545
2020-03-02;40-64;  0,0;    6;   0;1900863;  0,000000;    0,00000;   114,05178
2020-03-02;65-79;  0,0;    1;   0; 883665;  0,000000;    0,00000;     8,83665
2020-03-02;80+;  0,0;    1;   0; 272326;  0,000000;    0,00000;     2,72326
2020-03-09;0-2;  0,0;   12;   0; 185530;  0,000000;    0,00000;    22,26360
2020-03-09;3-5;  0,0;   14;   0; 181351;  0,000000;    0,00000;    25,38914
2020-03-09;6-11;  0,0;   16;   0; 382511;  0,000000;    0,00000;    61,20176
2020-03-09;12-15;  0,0;   14;   0; 271494;  0,000000;    0,00000;    38,00916
2020-03-09;16-19;  0,0;   18;   1; 275514;  0,000000;    2,75514;    49,59252
2020-03-09;20-39;  0,1;   15;   2;1469509;  1,469509;   29,39018;   220,42635
2020-03-09;40-64;  0,3;   17;   2;1900863;  5,702589;   38,01726;   323,14671
2020-03-09;65-79;  0,0;    3;   0; 883665;  0,000000;    0,00000;    26,50995
2020-03-09;80+;  1,1;    5;   1; 272326;  2,995586;    2,72326;    13,61630
2020-03-16;0-2;  1,1;   92;   2; 185530;  2,040830;    3,71060;   170,68760
2020-03-16;3-5;  0,0;   39;   0; 181351;  0,000000;    0,00000;    70,72689
2020-03-16;6-11;  0,3;   36;   2; 382511;  1,147533;    7,65022;   137,70396
2020-03-16;12-15;  0,4;   37;   3; 271494;  1,085976;    8,14482;   100,45278
2020-03-16;16-19;  0,4;   69;   8; 275514;  1,102056;   22,04112;   190,10466
2020-03-16;20-39;  0,8;   90;  17;1469509; 11,756072;  249,81653;  1322,55810
2020-03-16;40-64;  3,2;   95;  24;1900863; 60,827616;  456,20712;  1805,81985
2020-03-16;65-79;  4,0;   77;   6; 883665; 35,346600;   53,01990;   680,42205
2020-03-16;80+;  7,6;  144;   8; 272326; 20,696776;   21,78608;   392,14944
2020-03-23;0-2;  0,0;  159;   1; 185530;  0,000000;    1,85530;   294,99270
2020-03-23;3-5;  0,0;   38;   0; 181351;  0,000000;    0,00000;    68,91338
2020-03-23;6-11;  0,0;   12;   0; 382511;  0,000000;    0,00000;    45,90132
2020-03-23;12-15;  0,0;   15;   0; 271494;  0,000000;    0,00000;    40,72410
2020-03-23;16-19;  0,0;   31;   0; 275514;  0,000000;    0,00000;    85,40934
2020-03-23;20-39;  1,5;  108;   5;1469509; 22,042635;   73,47545;  1587,06972
2020-03-23;40-64;  5,4;  148;  12;1900863;102,646602;  228,10356;  2813,27724
2020-03-23;65-79; 13,5;  165;  17; 883665;119,294775;  150,22305;  1458,04725
2020-03-23;80+; 30,2;  319;  32; 272326; 82,242452;   87,14432;   868,71994
2020-03-30;0-2;  1,1;  133;   3; 185530;  2,040830;    5,56590;   246,75490
2020-03-30;3-5;  0,0;   21;   0; 181351;  0,000000;    0,00000;    38,08371
2020-03-30;6-11;  0,0;   18;   0; 382511;  0,000000;    0,00000;    68,85198
2020-03-30;12-15;  0,7;   26;   1; 271494;  1,900458;    2,71494;    70,58844
2020-03-30;16-19;  1,4;   51;   3; 275514;  3,857196;    8,26542;   140,51214
2020-03-30;20-39;  1,8;  149;  12;1469509; 26,451162;  176,34108;  2189,56841
2020-03-30;40-64;  9,0;  214;  26;1900863;171,077670;  494,22438;  4067,84682
2020-03-30;65-79; 26,7;  218;  34; 883665;235,938555;  300,44610;  1926,38970
2020-03-30;80+; 39,2;  426;  51; 272326;106,751792;  138,88626;  1160,10876
2020-04-06;0-2;  1,1;  235;   4; 185498;  2,040478;    7,41992;   435,92030
2020-04-06;3-5;  0,5;   96;   1; 181959;  0,909795;    1,81959;   174,68064
2020-04-06;6-11;  0,0;   89;   3; 379864;  0,000000;   11,39592;   338,07896
2020-04-06;12-15;  0,0;  106;   4; 271534;  0,000000;   10,86136;   287,82604
2020-04-06;16-19;  0,7;  185;  12; 274859;  1,924013;   32,98308;   508,48915
2020-04-06;20-39;  2,0;  476;  37;1470233; 29,404660;  543,98621;  6998,30908
2020-04-06;40-64;  7,3;  686;  54;1899765;138,682845; 1025,87310; 13032,38790
2020-04-06;65-79; 14,4;  444;  32; 886100;127,598400;  283,55200;  3934,28400
2020-04-06;80+; 36,0;  787;  76; 275045; 99,016200;  209,03420;  2164,60415
2020-04-13;0-2;  1,1;  289;   6; 185498;  2,040478;   11,12988;   536,08922
2020-04-13;3-5;  0,0;  175;   3; 181959;  0,000000;    5,45877;   318,42825
2020-04-13;6-11;  0,0;  139;   5; 379864;  0,000000;   18,99320;   528,01096
2020-04-13;12-15;  0,4;  139;   7; 271534;  1,086136;   19,00738;   377,43226
2020-04-13;16-19;  0,0;  255;  17; 274859;  0,000000;   46,72603;   700,89045
2020-04-13;20-39;  1,4;  495;  34;1470233; 20,583262;  499,87922;  7277,65335
2020-04-13;40-64;  5,0;  625;  37;1899765; 94,988250;  702,91305; 11873,53125
2020-04-13;65-79;  7,9;  439;  21; 886100; 70,001900;  186,08100;  3889,97900
2020-04-13;80+; 25,3;  648;  46; 275045; 69,586385;  126,52070;  1782,29160
2020-04-20;0-2;  0,5;  330;   4; 185498;  0,927490;    7,41992;   612,14340
2020-04-20;3-5;  0,0;  205;   1; 181959;  0,000000;    1,81959;   373,01595
2020-04-20;6-11;  0,0;  229;   5; 379864;  0,000000;   18,99320;   869,88856
2020-04-20;12-15;  0,4;  149;   5; 271534;  1,086136;   13,57670;   404,58566
2020-04-20;16-19;  0,4;  285;  10; 274859;  1,099436;   27,48590;   783,34815
2020-04-20;20-39;  1,1;  476;  24;1470233; 16,172563;  352,85592;  6998,30908
2020-04-20;40-64;  3,9;  616;  27;1899765; 74,090835;  512,93655; 11702,55240
2020-04-20;65-79;  7,1;  449;  13; 886100; 62,913100;  115,19300;  3978,58900
2020-04-20;80+; 23,9;  758;  46; 275045; 65,735755;  126,52070;  2084,84110
2020-04-27;0-2;  1,1;  840;   2; 185498;  2,040478;    3,70996;  1558,18320
2020-04-27;3-5;  0,0;  634;   5; 181959;  0,000000;    9,09795;  1153,62006
2020-04-27;6-11;  0,0;  724;   8; 379864;  0,000000;   30,38912;  2750,21536
2020-04-27;12-15;  0,4;  489;   8; 271534;  1,086136;   21,72272;  1327,80126
2020-04-27;16-19;  0,7;  711;  17; 274859;  1,924013;   46,72603;  1954,24749
2020-04-27;20-39;  0,9; 1383;  27;1470233; 13,232097;  396,96291; 20333,32239
2020-04-27;40-64;  2,9; 1779;  26;1899765; 55,093185;  493,93890; 33796,81935
2020-04-27;65-79;  6,8; 1120;  17; 886100; 60,254800;  150,63700;  9924,32000
2020-04-27;80+; 26,4; 1673;  50; 275045; 72,611880;  137,52250;  4601,50285
2020-05-04;0-2;  0,5;  960;   9; 185498;  0,927490;   16,69482;  1780,78080
2020-05-04;3-5;  0,0;  720;   9; 181959;  0,000000;   16,37631;  1310,10480
2020-05-04;6-11;  0,0; 1035;  10; 379864;  0,000000;   37,98640;  3931,59240
2020-05-04;12-15;  0,4;  656;  12; 271534;  1,086136;   32,58408;  1781,26304
2020-05-04;16-19;  0,4;  928;  12; 274859;  1,099436;   32,98308;  2550,69152
2020-05-04;20-39;  1,2; 1792;  21;1470233; 17,642796;  308,74893; 26346,57536
2020-05-04;40-64;  1,5; 2279;  19;1899765; 28,496475;  360,95535; 43295,64435
2020-05-04;65-79;  3,6; 1472;   9; 886100; 31,899600;   79,74900; 13043,39200
2020-05-04;80+; 15,2; 2018;  28; 275045; 41,806840;   77,01260;  5550,40810
2020-05-11;0-2;  0,5;  791;   8; 185498;  0,927490;   14,83984;  1467,28918
2020-05-11;3-5;  0,0;  534;   3; 181959;  0,000000;    5,45877;   971,66106
2020-05-11;6-11;  0,0;  686;   7; 379864;  0,000000;   26,59048;  2605,86704
2020-05-11;12-15;  0,4;  535;   9; 271534;  1,086136;   24,43806;  1452,70690
2020-05-11;16-19;  0,4;  885;   8; 274859;  1,099436;   21,98872;  2432,50215
2020-05-11;20-39;  0,5; 1568;  14;1470233;  7,351165;  205,83262; 23053,25344
2020-05-11;40-64;  1,2; 1883;  14;1899765; 22,797180;  265,96710; 35772,57495
2020-05-11;65-79;  2,8; 1355;   7; 886100; 24,810800;   62,02700; 12006,65500
2020-05-11;80+;  7,9; 2066;  14; 275045; 21,728555;   38,50630;  5682,42970
2020-05-18;0-2;  0,0;  900;   5; 185498;  0,000000;    9,27490;  1669,48200
2020-05-18;3-5;  0,0;  608;   5; 181959;  0,000000;    9,09795;  1106,31072
2020-05-18;6-11;  0,0;  713;   4; 379864;  0,000000;   15,19456;  2708,43032
2020-05-18;12-15;  0,0;  661;   5; 271534;  0,000000;   13,57670;  1794,83974
2020-05-18;16-19;  0,0;  944;   9; 274859;  0,000000;   24,73731;  2594,66896
2020-05-18;20-39;  0,3; 1558;  10;1470233;  4,410699;  147,02330; 22906,23014
2020-05-18;40-64;  1,3; 1810;   8;1899765; 24,696945;  151,98120; 34385,74650
2020-05-18;65-79;  1,5; 1421;   4; 886100; 13,291500;   35,44400; 12591,48100
2020-05-18;80+;  6,9; 2077;   9; 275045; 18,978105;   24,75405;  5712,68465
2020-05-25;0-2;  0,0;  889;   5; 185498;  0,000000;    9,27490;  1649,07722
2020-05-25;3-5;  0,0;  597;   4; 181959;  0,000000;    7,27836;  1086,29523
2020-05-25;6-11;  0,0;  531;   4; 379864;  0,000000;   15,19456;  2017,07784
2020-05-25;12-15;  0,0;  582;   3; 271534;  0,000000;    8,14602;  1580,32788
2020-05-25;16-19;  0,0; 1258;   4; 274859;  0,000000;   10,99436;  3457,72622
2020-05-25;20-39;  0,5; 1875;   9;1470233;  7,351165;  132,32097; 27566,86875
2020-05-25;40-64;  0,9; 1504;   7;1899765; 17,097885;  132,98355; 28572,46560
2020-05-25;65-79;  2,5; 1293;   4; 886100; 22,152500;   35,44400; 11457,27300
2020-05-25;80+;  4,0; 1703;   7; 275045; 11,001800;   19,25315;  4684,01635
2020-06-01;0-2;  1,1; 1018;   3; 185498;  2,040478;    5,56494;  1888,36964
2020-06-01;3-5;  0,0;  680;   2; 181959;  0,000000;    3,63918;  1237,32120
2020-06-01;6-11;  0,0;  594;   3; 379864;  0,000000;   11,39592;  2256,39216
2020-06-01;12-15;  0,0;  799;   2; 271534;  0,000000;    5,43068;  2169,55666
2020-06-01;16-19;  0,4; 1078;   7; 274859;  1,099436;   19,24013;  2962,98002
2020-06-01;20-39;  0,5; 1692;   6;1470233;  7,351165;   88,21398; 24876,34236
2020-06-01;40-64;  0,5; 1649;   5;1899765;  9,498825;   94,98825; 31327,12485
2020-06-01;65-79;  1,6; 1785;   4; 886100; 14,177600;   35,44400; 15816,88500
2020-06-01;80+;  5,0; 1885;   8; 275045; 13,752250;   22,00360;  5184,59825
2020-06-08;0-2;  0,5; 1094;   3; 185498;  0,927490;    5,56494;  2029,34812
2020-06-08;3-5;  0,0;  738;   3; 181959;  0,000000;    5,45877;  1342,85742
2020-06-08;6-11;  0,0;  541;   3; 379864;  0,000000;   11,39592;  2055,06424
2020-06-08;12-15;  0,0;  626;   4; 271534;  0,000000;   10,86136;  1699,80284
2020-06-08;16-19;  0,0; 1004;   3; 274859;  0,000000;    8,24577;  2759,58436
2020-06-08;20-39;  0,2; 1445;   5;1470233;  2,940466;   73,51165; 21244,86685
2020-06-08;40-64;  0,7; 1349;   4;1899765; 13,298355;   75,99060; 25627,82985
2020-06-08;65-79;  0,9; 1483;   3; 886100;  7,974900;   26,58300; 13140,86300
2020-06-08;80+;  2,9; 1708;   4; 275045;  7,976305;   11,00180;  4697,76860
2020-06-15;0-2;  0,0; 1879;   2; 185498;  0,000000;    3,70996;  3485,50742
2020-06-15;3-5;  0,0; 1510;   3; 181959;  0,000000;    5,45877;  2747,58090
2020-06-15;6-11;  0,3; 1102;   5; 379864;  1,139592;   18,99320;  4186,10128
2020-06-15;12-15;  0,0;  999;   1; 271534;  0,000000;    2,71534;  2712,62466
2020-06-15;16-19;  0,0; 1199;   4; 274859;  0,000000;   10,99436;  3295,55941
2020-06-15;20-39;  0,1; 2079;   6;1470233;  1,470233;   88,21398; 30566,14407
2020-06-15;40-64;  0,3; 1558;   5;1899765;  5,699295;   94,98825; 29598,33870
2020-06-15;65-79;  0,6; 1566;   4; 886100;  5,316600;   35,44400; 13876,32600
2020-06-15;80+;  1,8; 1779;   6; 275045;  4,950810;   16,50270;  4893,05055
2020-06-22;0-2;  0,0; 2205;   1; 185498;  0,000000;    1,85498;  4090,23090
2020-06-22;3-5;  0,0; 2004;   2; 181959;  0,000000;    3,63918;  3646,45836
2020-06-22;6-11;  0,0; 1624;   4; 379864;  0,000000;   15,19456;  6168,99136
2020-06-22;12-15;  0,0; 1333;   5; 271534;  0,000000;   13,57670;  3619,54822
2020-06-22;16-19;  0,0; 1481;   6; 274859;  0,000000;   16,49154;  4070,66179
2020-06-22;20-39;  0,4; 2438;   7;1470233;  5,880932;  102,91631; 35844,28054
2020-06-22;40-64;  0,4; 1837;   7;1899765;  7,599060;  132,98355; 34898,68305
2020-06-22;65-79;  1,2; 1640;   3; 886100; 10,633200;   26,58300; 14532,04000
2020-06-22;80+;  1,1; 2043;   3; 275045;  3,025495;    8,25135;  5619,16935
2020-06-29;0-2;  0,5; 2009;   4; 185498;  0,927490;    7,41992;  3726,65482
2020-06-29;3-5;  0,0; 1670;   2; 181959;  0,000000;    3,63918;  3038,71530
2020-06-29;6-11;  0,3; 1586;   2; 379864;  1,139592;    7,59728;  6024,64304
2020-06-29;12-15;  0,0; 1346;   3; 271534;  0,000000;    8,14602;  3654,84764
2020-06-29;16-19;  0,0; 1338;   1; 274859;  0,000000;    2,74859;  3677,61342
2020-06-29;20-39;  0,3; 2326;   4;1470233;  4,410699;   58,80932; 34197,61958
2020-06-29;40-64;  0,3; 1861;   3;1899765;  5,699295;   56,99295; 35354,62665
2020-06-29;65-79;  1,5; 1877;   4; 886100; 13,291500;   35,44400; 16632,09700
2020-06-29;80+;  2,2; 2458;   5; 275045;  6,050990;   13,75225;  6760,60610
2020-07-06;0-2;  0,0; 1422;   1; 185390;  0,000000;    1,85390;  2636,24580
2020-07-06;3-5;  0,0; 1006;   1; 182882;  0,000000;    1,82882;  1839,79292
2020-07-06;6-11;  0,0;  876;   1; 377767;  0,000000;    3,77767;  3309,23892
2020-07-06;12-15;  0,0;  934;   1; 271807;  0,000000;    2,71807;  2538,67738
2020-07-06;16-19;  0,0; 1576;   2; 273253;  0,000000;    5,46506;  4306,46728
2020-07-06;20-39;  0,0; 2139;   3;1467864;  0,000000;   44,03592; 31397,61096
2020-07-06;40-64;  0,2; 1758;   2;1898992;  3,797984;   37,97984; 33384,27936
2020-07-06;65-79;  0,4; 1800;   1; 889405;  3,557620;    8,89405; 16009,29000
2020-07-06;80+;  1,8; 2492;   2; 277977;  5,003586;    5,55954;  6927,18684
2020-07-13;0-2;  0,5; 1104;   2; 185390;  0,926950;    3,70780;  2046,70560
2020-07-13;3-5;  0,0;  740;   0; 182882;  0,000000;    0,00000;  1353,32680
2020-07-13;6-11;  0,0;  604;   2; 377767;  0,000000;    7,55534;  2281,71268
2020-07-13;12-15;  0,0;  873;   2; 271807;  0,000000;    5,43614;  2372,87511
2020-07-13;16-19;  0,0; 1630;   5; 273253;  0,000000;   13,66265;  4454,02390
2020-07-13;20-39;  0,2; 2114;   5;1467864;  2,935728;   73,39320; 31030,64496
2020-07-13;40-64;  0,3; 1698;   3;1898992;  5,696976;   56,96976; 32244,88416
2020-07-13;65-79;  0,6; 1724;   1; 889405;  5,336430;    8,89405; 15333,34220
2020-07-13;80+;  0,7; 2160;   1; 277977;  1,945839;    2,77977;  6004,30320
2020-07-20;0-2;  0,0; 1012;   2; 185390;  0,000000;    3,70780;  1876,14680
2020-07-20;3-5;  0,0;  650;   1; 182882;  0,000000;    1,82882;  1188,73300
2020-07-20;6-11;  0,0;  656;   3; 377767;  0,000000;   11,33301;  2478,15152
2020-07-20;12-15;  0,0; 1152;   5; 271807;  0,000000;   13,59035;  3131,21664
2020-07-20;16-19;  0,0; 1960;   7; 273253;  0,000000;   19,12771;  5355,75880
2020-07-20;20-39;  0,0; 2293;   6;1467864;  0,000000;   88,07184; 33658,12152
2020-07-20;40-64;  0,3; 1797;   5;1898992;  5,696976;   94,94960; 34124,88624
2020-07-20;65-79;  0,4; 1684;   2; 889405;  3,557620;   17,78810; 14977,58020
2020-07-20;80+;  1,4; 1987;   4; 277977;  3,891678;   11,11908;  5523,40299
2020-07-27;0-2;  0,0;  816;   1; 185390;  0,000000;    1,85390;  1512,78240
2020-07-27;3-5;  0,0;  527;   3; 182882;  0,000000;    5,48646;   963,78814
2020-07-27;6-11;  0,0;  564;   2; 377767;  0,000000;    7,55534;  2130,60588
2020-07-27;12-15;  0,0; 1349;   5; 271807;  0,000000;   13,59035;  3666,67643
2020-07-27;16-19;  0,0; 2129;   6; 273253;  0,000000;   16,39518;  5817,55637
2020-07-27;20-39;  0,1; 2387;   5;1467864;  1,467864;   73,39320; 35037,91368
2020-07-27;40-64;  0,5; 1959;   5;1898992;  9,494960;   94,94960; 37201,25328
2020-07-27;65-79;  0,7; 1745;   2; 889405;  6,225835;   17,78810; 15520,11725
2020-07-27;80+;  0,7; 1968;   1; 277977;  1,945839;    2,77977;  5470,58736
2020-08-03;0-2;  0,0;  874;   2; 185390;  0,000000;    3,70780;  1620,30860
2020-08-03;3-5;  0,0;  653;   3; 182882;  0,000000;    5,48646;  1194,21946
2020-08-03;6-11;  0,0;  706;   2; 377767;  0,000000;    7,55534;  2667,03502
2020-08-03;12-15;  0,0; 1620;   7; 271807;  0,000000;   19,02649;  4403,27340
2020-08-03;16-19;  0,0; 2536;   8; 273253;  0,000000;   21,86024;  6929,69608
2020-08-03;20-39;  0,4; 2817;  14;1467864;  5,871456;  205,50096; 41349,72888
2020-08-03;40-64;  0,6; 2517;  10;1898992; 11,393952;  189,89920; 47797,62864
2020-08-03;65-79;  0,3; 2162;   3; 889405;  2,668215;   26,68215; 19228,93610
2020-08-03;80+;  1,8; 2332;   2; 277977;  5,003586;    5,55954;  6482,42364
2020-08-10;0-2;  0,5; 1425;   4; 185390;  0,926950;    7,41560;  2641,80750
2020-08-10;3-5;  0,0; 1114;   9; 182882;  0,000000;   16,45938;  2037,30548
2020-08-10;6-11;  0,0; 1047;  12; 377767;  0,000000;   45,33204;  3955,22049
2020-08-10;12-15;  0,0; 2479;  18; 271807;  0,000000;   48,92526;  6738,09553
2020-08-10;16-19;  0,0; 3936;  28; 273253;  0,000000;   76,51084; 10755,23808
2020-08-10;20-39;  0,5; 3729;  23;1467864;  7,339320;  337,60872; 54736,64856
2020-08-10;40-64;  0,7; 3146;  15;1898992; 13,292944;  284,84880; 59742,28832
2020-08-10;65-79;  0,7; 2446;   6; 889405;  6,225835;   53,36430; 21754,84630
2020-08-10;80+;  1,1; 2388;   3; 277977;  3,057747;    8,33931;  6638,09076
2020-08-17;0-2;  0,0; 2137;   6; 185390;  0,000000;   11,12340;  3961,78430
2020-08-17;3-5;  0,0; 1935;   8; 182882;  0,000000;   14,63056;  3538,76670
2020-08-17;6-11;  0,0; 1962;  14; 377767;  0,000000;   52,88738;  7411,78854
2020-08-17;12-15;  0,0; 3062;  21; 271807;  0,000000;   57,07947;  8322,73034
2020-08-17;16-19;  0,0; 4562;  39; 273253;  0,000000;  106,56867; 12465,80186
2020-08-17;20-39;  0,1; 4909;  24;1467864;  1,467864;  352,28736; 72057,44376
2020-08-17;40-64;  0,7; 3883;  13;1898992; 13,292944;  246,86896; 73737,85936
2020-08-17;65-79;  0,8; 2966;   4; 889405;  7,115240;   35,57620; 26379,75230
2020-08-17;80+;  1,1; 2699;   3; 277977;  3,057747;    8,33931;  7502,59923
2020-08-24;0-2;  0,0; 2653;   6; 185390;  0,000000;   11,12340;  4918,39670
2020-08-24;3-5;  0,0; 2948;   8; 182882;  0,000000;   14,63056;  5391,36136
2020-08-24;6-11;  0,0; 4209;  13; 377767;  0,000000;   49,10971; 15900,21303
2020-08-24;12-15;  0,4; 5574;  14; 271807;  1,087228;   38,05298; 15150,52218
2020-08-24;16-19;  0,7; 6117;  27; 273253;  1,912771;   73,77831; 16714,88601
2020-08-24;20-39;  0,7; 5179;  17;1467864; 10,275048;  249,53688; 76020,67656
2020-08-24;40-64;  0,5; 4053;   8;1898992;  9,494960;  151,91936; 76966,14576
2020-08-24;65-79;  0,6; 2673;   3; 889405;  5,336430;   26,68215; 23773,79565
2020-08-24;80+;  1,8; 2423;   3; 277977;  5,003586;    8,33931;  6735,38271
2020-08-31;0-2;  0,5; 2702;   3; 185390;  0,926950;    5,56170;  5009,23780
2020-08-31;3-5;  0,0; 2893;   3; 182882;  0,000000;    5,48646;  5290,77626
2020-08-31;6-11;  0,0; 4628;   5; 377767;  0,000000;   18,88835; 17483,05676
2020-08-31;12-15;  0,0; 6017;  12; 271807;  0,000000;   32,61684; 16354,62719
2020-08-31;16-19;  0,0; 6277;  19; 273253;  0,000000;   51,91807; 17152,09081
2020-08-31;20-39;  0,1; 5081;  17;1467864;  1,467864;  249,53688; 74582,16984
2020-08-31;40-64;  0,4; 4045;   9;1898992;  7,595968;  170,90928; 76814,22640
2020-08-31;65-79;  0,8; 2608;   4; 889405;  7,115240;   35,57620; 23195,68240
2020-08-31;80+;  1,1; 2413;   3; 277977;  3,057747;    8,33931;  6707,58501
2020-09-07;0-2;  0,5; 2500;   8; 185390;  0,926950;   14,83120;  4634,75000
2020-09-07;3-5;  0,0; 2264;   9; 182882;  0,000000;   16,45938;  4140,44848
2020-09-07;6-11;  0,3; 4328;  13; 377767;  1,133301;   49,10971; 16349,75576
2020-09-07;12-15;  0,0; 6902;  27; 271807;  0,000000;   73,38789; 18760,11914
2020-09-07;16-19;  0,4; 6356;  27; 273253;  1,093012;   73,77831; 17367,96068
2020-09-07;20-39;  0,7; 5632;  38;1467864; 10,275048;  557,78832; 82670,10048
2020-09-07;40-64;  0,9; 4319;  21;1898992; 17,090928;  398,78832; 82017,46448
2020-09-07;65-79;  1,2; 2575;   9; 889405; 10,672860;   80,04645; 22902,17875
2020-09-07;80+;  0,7; 2376;   6; 277977;  1,945839;   16,67862;  6604,73352
2020-09-14;0-2;  0,0; 2843;  17; 185390;  0,000000;   31,51630;  5270,63770
2020-09-14;3-5;  0,0; 2794;  14; 182882;  0,000000;   25,60348;  5109,72308
2020-09-14;6-11;  0,3; 5157;  36; 377767;  1,133301;  135,99612; 19481,44419
2020-09-14;12-15;  0,0; 8727;  62; 271807;  0,000000;  168,52034; 23720,59689
2020-09-14;16-19;  1,5; 9151;  57; 273253;  4,098795;  155,75421; 25005,38203
2020-09-14;20-39;  0,7; 7075;  49;1467864; 10,275048;  719,25336;103851,37800
2020-09-14;40-64;  1,5; 5881;  40;1898992; 28,484880;  759,59680;111679,71952
2020-09-14;65-79;  2,7; 3277;  21; 889405; 24,013935;  186,77505; 29145,80185
2020-09-14;80+;  3,9; 2917;  15; 277977; 10,841103;   41,69655;  8108,58909
2020-09-21;0-2;  0,5; 2947;  11; 185390;  0,926950;   20,39290;  5463,44330
2020-09-21;3-5;  0,0; 2819;  18; 182882;  0,000000;   32,91876;  5155,44358
2020-09-21;6-11;  0,0; 4732;  34; 377767;  0,000000;  128,44078; 17875,93444
2020-09-21;12-15;  0,7; 8687;  52; 271807;  1,902649;  141,33964; 23611,87409
2020-09-21;16-19;  0,4;10743; 113; 273253;  1,093012;  308,77589; 29355,56979
2020-09-21;20-39;  1,1; 7605;  81;1467864; 16,146504; 1188,96984;111631,05720
2020-09-21;40-64;  2,0; 6263;  55;1898992; 37,979840; 1044,44560;118933,86896
2020-09-21;65-79;  3,6; 3619;  25; 889405; 32,018580;  222,35125; 32187,56695
2020-09-21;80+;  8,2; 3288;  25; 277977; 22,794114;   69,49425;  9139,88376
2020-09-28;0-2;  0,5; 2814;  18; 185390;  0,926950;   33,37020;  5216,87460
2020-09-28;3-5;  0,0; 3085;  30; 182882;  0,000000;   54,86460;  5641,90970
2020-09-28;6-11;  0,0; 4538;  57; 377767;  0,000000;  215,32719; 17143,06646
2020-09-28;12-15;  0,7; 7408;  74; 271807;  1,902649;  201,13718; 20135,46256
2020-09-28;16-19;  0,4;10369; 139; 273253;  1,093012;  379,82167; 28333,60357
2020-09-28;20-39;  1,2; 7728;  88;1467864; 17,614368; 1291,72032;113436,52992
2020-09-28;40-64;  2,2; 6317;  59;1898992; 41,777824; 1120,40528;119959,32464
2020-09-28;65-79;  4,6; 3625;  26; 889405; 40,912630;  231,24530; 32240,93125
2020-09-28;80+; 10,0; 3380;  26; 277977; 27,797700;   72,27402;  9395,62260
2020-10-05;0-2;  0,5; 2439;  20; 185563;  0,927815;   37,11260;  4525,88157
2020-10-05;3-5;  0,0; 2671;  30; 183657;  0,000000;   55,09710;  4905,47847
2020-10-05;6-11;  0,0; 3721;  43; 375536;  0,000000;  161,48048; 13973,69456
2020-10-05;12-15;  0,4; 6454;  66; 273137;  1,092548;  180,27042; 17628,26198
2020-10-05;16-19;  0,4; 8083; 104; 274090;  1,096360;  285,05360; 22154,69470
2020-10-05;20-39;  0,7; 6738;  62;1472904; 10,310328;  913,20048; 99244,27152
2020-10-05;40-64;  2,8; 5672;  48;1899451; 53,184628;  911,73648;107736,86072
2020-10-05;65-79;  4,1; 3406;  23; 892030; 36,573230;  205,16690; 30382,54180
2020-10-05;80+;  8,6; 3227;  15; 280845; 24,152670;   42,12675;  9062,86815
2020-10-12;0-2;  0,5; 2255;  15; 185563;  0,927815;   27,83445;  4184,44565
2020-10-12;3-5;  0,0; 2842;  16; 183657;  0,000000;   29,38512;  5219,53194
2020-10-12;6-11;  0,3; 3946;  34; 375536;  1,126608;  127,68224; 14818,65056
2020-10-12;12-15;  0,4; 5953;  72; 273137;  1,092548;  196,65864; 16259,84561
2020-10-12;16-19;  0,4; 7388;  85; 274090;  1,096360;  232,97650; 20249,76920
2020-10-12;20-39;  1,1; 6381;  57;1472904; 16,201944;  839,55528; 93986,00424
2020-10-12;40-64;  2,1; 5646;  48;1899451; 39,888471;  911,73648;107243,00346
2020-10-12;65-79;  2,8; 3152;  24; 892030; 24,976840;  214,08720; 28116,78560
2020-10-12;80+;  7,5; 2996;  24; 280845; 21,063375;   67,40280;  8414,11620
2020-10-19;0-2;  0,0; 1873;  19; 185563;  0,000000;   35,25697;  3475,59499
2020-10-19;3-5;  0,0; 2004;  22; 183657;  0,000000;   40,40454;  3680,48628
2020-10-19;6-11;  0,0; 2578;  37; 375536;  0,000000;  138,94832;  9681,31808
2020-10-19;12-15;  0,0; 3762;  62; 273137;  0,000000;  169,34494; 10275,41394
2020-10-19;16-19;  0,4; 5606;  95; 274090;  1,096360;  260,38550; 15365,48540
2020-10-19;20-39;  1,1; 5396;  74;1472904; 16,201944; 1089,94896; 79477,89984
2020-10-19;40-64;  2,5; 4490;  54;1899451; 47,486275; 1025,70354; 85285,34990
2020-10-19;65-79;  4,9; 2778;  32; 892030; 43,709470;  285,44960; 24780,59340
2020-10-19;80+; 11,0; 2962;  27; 280845; 30,892950;   75,82815;  8318,62890
2020-10-26;0-2;  1,1; 2365;  40; 185563;  2,041193;   74,22520;  4388,56495
2020-10-26;3-5;  0,0; 2809;  43; 183657;  0,000000;   78,97251;  5158,92513
2020-10-26;6-11;  0,3; 3748;  78; 375536;  1,126608;  292,91808; 14075,08928
2020-10-26;12-15;  0,0; 5900; 111; 273137;  0,000000;  303,18207; 16115,08300
2020-10-26;16-19;  0,7; 9271; 226; 274090;  1,918630;  619,44340; 25410,88390
2020-10-26;20-39;  1,6; 7336; 137;1472904; 23,566464; 2017,87848;108052,23744
2020-10-26;40-64;  2,6; 6468;  98;1899451; 49,385726; 1861,46198;122856,49068
2020-10-26;65-79;  5,4; 3689;  44; 892030; 48,169620;  392,49320; 32906,98670
2020-10-26;80+; 11,7; 3527;  33; 280845; 32,858865;   92,67885;  9905,40315
2020-11-02;0-2;  0,5; 3599;  45; 185563;  0,927815;   83,50335;  6678,41237
2020-11-02;3-5;  0,0; 5020;  59; 183657;  0,000000;  108,35763;  9219,58140
2020-11-02;6-11;  0,5; 7490; 125; 375536;  1,877680;  469,42000; 28127,64640
2020-11-02;12-15;  1,1;11455; 211; 273137;  3,004507;  576,31907; 31287,84335
2020-11-02;16-19;  1,1;12601; 243; 274090;  3,014990;  666,03870; 34538,08090
2020-11-02;20-39;  2,0; 9159; 168;1472904; 29,458080; 2474,47872;134903,27736
2020-11-02;40-64;  4,9; 8062; 129;1899451; 93,073099; 2450,29179;153133,73962
2020-11-02;65-79;  7,4; 4307;  54; 892030; 66,010220;  481,69620; 38419,73210
2020-11-02;80+; 14,5; 4138;  41; 280845; 40,722525;  115,14645; 11621,36610
2020-11-09;0-2;  1,6; 4101;  64; 185563;  2,969008;  118,76032;  7609,93863
2020-11-09;3-5;  0,0; 5564;  87; 183657;  0,000000;  159,78159; 10218,67548
2020-11-09;6-11;  0,3; 8432; 131; 375536;  1,126608;  491,95216; 31665,19552
2020-11-09;12-15;  0,7;12576; 209; 273137;  1,911959;  570,85633; 34349,70912
2020-11-09;16-19;  1,1;11322; 196; 274090;  3,014990;  537,21640; 31032,46980
2020-11-09;20-39;  2,8; 9310; 160;1472904; 41,241312; 2356,64640;137127,36240
2020-11-09;40-64;  5,2; 8942; 130;1899451; 98,771452; 2469,28630;169848,90842
2020-11-09;65-79; 10,1; 4764;  56; 892030; 90,095030;  499,53680; 42496,30920
2020-11-09;80+; 13,1; 4452;  41; 280845; 36,790695;  115,14645; 12503,21940
2020-11-16;0-2;  0,5; 3770;  58; 185563;  0,927815;  107,62654;  6995,72510
2020-11-16;3-5;  0,0; 5620;  63; 183657;  0,000000;  115,70391; 10321,52340
2020-11-16;6-11;  0,0; 9337; 136; 375536;  0,000000;  510,72896; 35063,79632
2020-11-16;12-15;  0,7;12602; 180; 273137;  1,911959;  491,64660; 34420,72474
2020-11-16;16-19;  1,5;10971; 224; 274090;  4,111350;  613,96160; 30070,41390
2020-11-16;20-39;  2,1; 9530; 163;1472904; 30,930984; 2400,83352;140367,75120
2020-11-16;40-64;  5,3; 9464; 133;1899451;100,670903; 2526,26983;179764,04264
2020-11-16;65-79;  9,4; 5891;  55; 892030; 83,850820;  490,61650; 52549,48730
2020-11-16;80+; 18,0; 5466;  50; 280845; 50,552100;  140,42250; 15350,98770
2020-11-23;0-2;  2,7; 3807;  53; 185563;  5,010201;   98,34839;  7064,38341
2020-11-23;3-5;  0,0; 5789;  72; 183657;  0,000000;  132,23304; 10631,90373
2020-11-23;6-11;  0,3; 9664; 146; 375536;  1,126608;  548,28256; 36291,79904
2020-11-23;12-15;  0,0;13302; 246; 273137;  0,000000;  671,91702; 36332,68374
2020-11-23;16-19;  0,4;12175; 250; 274090;  1,096360;  685,22500; 33370,45750
2020-11-23;20-39;  2,3; 9495; 180;1472904; 33,876792; 2651,22720;139852,23480
2020-11-23;40-64;  5,0; 9527; 146;1899451; 94,972550; 2773,19846;180960,69677
2020-11-23;65-79;  9,6; 5670;  64; 892030; 85,634880;  570,89920; 50578,10100
2020-11-23;80+; 30,1; 5737;  75; 280845; 84,534345;  210,63375; 16112,07765
2020-11-30;0-2;  4,3; 3443;  46; 185563;  7,979209;   85,35898;  6388,93409
2020-11-30;3-5;  0,0; 5928;  75; 183657;  0,000000;  137,74275; 10887,18696
2020-11-30;6-11;  0,0; 9798; 148; 375536;  0,000000;  555,79328; 36795,01728
2020-11-30;12-15;  0,0;12951; 236; 273137;  0,000000;  644,60332; 35373,97287
2020-11-30;16-19;  0,4;12872; 304; 274090;  1,096360;  833,23360; 35280,86480
2020-11-30;20-39;  1,6; 9566; 188;1472904; 23,566464; 2769,05952;140897,99664
2020-11-30;40-64;  5,1; 9408; 150;1899451; 96,872001; 2849,17650;178700,35008
2020-11-30;65-79;  8,0; 5427;  67; 892030; 71,362400;  597,66010; 48410,46810
2020-11-30;80+; 24,8; 5722;  73; 280845; 69,649560;  205,01685; 16069,95090
2020-12-07;0-2;  1,6; 3753;  61; 185563;  2,969008;  113,19343;  6964,17939
2020-12-07;3-5;  0,0; 5750; 108; 183657;  0,000000;  198,34956; 10560,27750
2020-12-07;6-11;  0,5;10280; 212; 375536;  1,877680;  796,13632; 38605,10080
2020-12-07;12-15;  0,0;14681; 373; 273137;  0,000000; 1018,80101; 40099,24297
2020-12-07;16-19;  1,8;16114; 484; 274090;  4,933620; 1326,59560; 44166,86260
2020-12-07;20-39;  2,8;10857; 280;1472904; 41,241312; 4124,13120;159913,18728
2020-12-07;40-64;  5,7;10111; 216;1899451;108,268707; 4102,81416;192053,49061
2020-12-07;65-79; 14,4; 5097;  85; 892030;128,452320;  758,22550; 45466,76910
2020-12-07;80+; 35,3; 5312;  88; 280845; 99,138285;  247,14360; 14918,48640
2020-12-14;0-2;  2,2; 5115; 136; 185563;  4,082386;  252,36568;  9491,54745
2020-12-14;3-5;  1,1; 7683; 159; 183657;  2,020227;  292,01463; 14110,36731
2020-12-14;6-11;  0,8;13031; 353; 375536;  3,004288; 1325,64208; 48936,09616
2020-12-14;12-15;  1,5;16633; 553; 273137;  4,097055; 1510,44761; 45430,87721
2020-12-14;16-19;  3,6;19639; 665; 274090;  9,867240; 1822,69850; 53828,53510
2020-12-14;20-39;  4,9;15350; 523;1472904; 72,172296; 7703,28792;226090,76400
2020-12-14;40-64; 10,7;12610; 375;1899451;203,241257; 7122,94125;239520,77110
2020-12-14;65-79; 19,5; 5727; 152; 892030;173,945850; 1355,88560; 51086,55810
2020-12-14;80+; 46,9; 5432; 161; 280845;131,716305;  452,16045; 15255,50040
2020-12-21;0-2;  8,1; 7108; 185; 185563; 15,030603;  343,29155; 13189,81804
2020-12-21;3-5;  2,2;12071; 252; 183657;  4,040454;  462,81564; 22169,23647
2020-12-21;6-11;  1,3;15973; 442; 375536;  4,881968; 1659,86912; 59984,36528
2020-12-21;12-15;  1,8;15808; 480; 273137;  4,916466; 1311,05760; 43177,49696
2020-12-21;16-19;  4,0;19779; 722; 274090; 10,963600; 1978,92980; 54212,26110
2020-12-21;20-39;  7,2;20593; 542;1472904;106,049088; 7983,13968;303315,12072
2020-12-21;40-64; 16,5;16428; 429;1899451;313,409415; 8148,64479;312041,81028
2020-12-21;65-79; 33,2; 8104; 222; 892030;296,153960; 1980,30660; 72290,11120
2020-12-21;80+; 79,4; 6974; 233; 280845;222,990930;  654,36885; 19586,13030
2020-12-28;0-2;  6,5; 5140; 172; 185563; 12,061595;  319,16836;  9537,93820
2020-12-28;3-5;  0,0; 9295; 226; 183657;  0,000000;  415,06482; 17070,91815
2020-12-28;6-11;  1,1;10792; 331; 375536;  4,130896; 1243,02416; 40527,84512
2020-12-28;12-15;  0,7;10337; 284; 273137;  1,911959;  775,70908; 28234,17169
2020-12-28;16-19;  2,9;14347; 386; 274090;  7,948610; 1057,98740; 39323,69230
2020-12-28;20-39;  6,9;14179; 349;1472904;101,630376; 5140,43496;208843,05816
2020-12-28;40-64; 17,1;13089; 307;1899451;324,806121; 5831,31457;248619,14139
2020-12-28;65-79; 37,8; 6094; 163; 892030;337,187340; 1454,00890; 54360,30820
2020-12-28;80+; 91,1; 5935; 241; 280845;255,849795;  676,83645; 16668,15075
NA;0-2;  2,7; 2399; 106;NA;NA;NA;NA
NA;3-5;  0,0; 4383; 161;NA;NA;NA;NA
NA;6-11;  0,3; 5293; 204;NA;NA;NA;NA
NA;12-15;  0,0; 7164; 232;NA;NA;NA;NA
NA;16-19;  4,4;13798; 308;NA;NA;NA;NA
NA;20-39;  6,0;12850; 304;NA;NA;NA;NA
NA;40-64; 14,4;10462; 255;NA;NA;NA;NA
NA;65-79; 36,0; 5625; 169;NA;NA;NA;NA
NA;80+;104,1; 6300; 296;NA;NA;NA;NA
2021-01-04;0-2;  6,0; 2318; 108; 184821; 11,089260;  199,60668;  4284,15078
2021-01-04;3-5;  0,5; 3966; 126; 184769;  0,923845;  232,80894;  7327,93854
2021-01-04;6-11;  0,5; 4006; 151; 373744;  1,868720;  564,35344; 14972,18464
2021-01-04;12-15;  0,7; 6350; 167; 273327;  1,913289;  456,45609; 17356,26450
2021-01-04;16-19;  1,8;13636; 272; 273589;  4,924602;  744,16208; 37306,59604
2021-01-04;20-39;  5,2;12565; 238;1475419; 76,721788; 3511,49722;185386,39735
2021-01-04;40-64; 12,6;12238; 202;1898104;239,161104; 3834,17008;232289,96752
2021-01-04;65-79; 28,1; 6490; 116; 894166;251,260646; 1037,23256; 58031,37340
2021-01-04;80+; 98,8; 6918; 243; 282106;278,720728;  685,51758; 19516,09308
2021-01-11;0-2;  5,4; 2646;  74; 184821;  9,980334;  136,76754;  4890,36366
2021-01-11;3-5;  0,0; 4684;  98; 184769;  0,000000;  181,07362;  8654,57996
2021-01-11;6-11;  0,3; 3945;  90; 373744;  1,121232;  336,36960; 14744,20080
2021-01-11;12-15;  0,0; 5484;  91; 273327;  0,000000;  248,72757; 14989,25268
2021-01-11;16-19;  1,5; 9543; 130; 273589;  4,103835;  355,66570; 26108,59827
2021-01-11;20-39;  3,1;11740; 136;1475419; 45,737989; 2006,56984;173214,19060
2021-01-11;40-64; 10,0;14983; 134;1898104;189,810400; 2543,45936;284392,92232
2021-01-11;65-79; 24,6; 6918;  72; 894166;219,964836;  643,79952; 61858,40388
2021-01-11;80+; 69,1; 7013; 184; 282106;194,935246;  519,07504; 19784,09378
2021-01-18;0-2;  2,2; 2873;  55; 184821;  4,066062;  101,65155;  5309,90733
2021-01-18;3-5;  0,5; 5049;  80; 184769;  0,923845;  147,81520;  9328,98681
2021-01-18;6-11;  0,0; 4370;  69; 373744;  0,000000;  257,88336; 16332,61280
2021-01-18;12-15;  0,4; 6096;  74; 273327;  1,093308;  202,26198; 16662,01392
2021-01-18;16-19;  1,1;10613;  81; 273589;  3,009479;  221,60709; 29036,00057
2021-01-18;20-39;  3,1;14853; 109;1475419; 45,737989; 1608,20671;219143,98407
2021-01-18;40-64;  8,4;19647; 100;1898104;159,440736; 1898,10400;372920,49288
2021-01-18;65-79; 19,5; 7635;  56; 894166;174,362370;  500,73296; 68269,57410
2021-01-18;80+; 68,3; 6760; 118; 282106;192,678398;  332,88508; 19070,36560
2021-01-25;0-2;  1,6; 2679;  48; 184821;  2,957136;   88,71408;  4951,35459
2021-01-25;3-5;  0,0; 4622;  66; 184769;  0,000000;  121,94754;  8540,02318
2021-01-25;6-11;  0,0; 4287;  51; 373744;  0,000000;  190,60944; 16022,40528
2021-01-25;12-15;  0,0; 6332;  59; 273327;  0,000000;  161,26293; 17307,06564
2021-01-25;16-19;  1,5;11274;  62; 273589;  4,103835;  169,62518; 30844,42386
2021-01-25;20-39;  2,7;15589;  71;1475419; 39,836313; 1047,54749;230003,06791
2021-01-25;40-64;  5,1;20772;  65;1898104; 96,803304; 1233,76760;394274,16288
2021-01-25;65-79; 11,3; 7612;  38; 894166;101,040758;  339,78308; 68063,91592
2021-01-25;80+; 36,5; 6200;  72; 282106;102,968690;  203,11632; 17490,57200
2021-02-01;0-2;  2,2; 2297;  40; 184821;  4,066062;   73,92840;  4245,33837
2021-02-01;3-5;  0,5; 4179;  42; 184769;  0,923845;   77,60298;  7721,49651
2021-02-01;6-11;  0,3; 5735;  47; 373744;  1,121232;  175,65968; 21434,21840
2021-02-01;12-15;  0,0; 6592;  47; 273327;  0,000000;  128,46369; 18017,71584
2021-02-01;16-19;  0,7;11945;  53; 273589;  1,915123;  145,00217; 32680,20605
2021-02-01;20-39;  1,4;16135;  67;1475419; 20,655866;  988,53073;238058,85565
2021-02-01;40-64;  3,0;21633;  54;1898104; 56,943120; 1024,97616;410616,83832
2021-02-01;65-79; 10,0; 7310;  35; 894166; 89,416600;  312,95810; 65363,53460
2021-02-01;80+; 19,5; 5531;  49; 282106; 55,010670;  138,23194; 15603,28286
2021-02-08;0-2;  2,7; 2282;  24; 184821;  4,990167;   44,35704;  4217,61522
2021-02-08;3-5;  0,0; 4557;  41; 184769;  0,000000;   75,75529;  8419,92333
2021-02-08;6-11;  0,3; 6810;  60; 373744;  1,121232;  224,24640; 25451,96640
2021-02-08;12-15;  0,7; 8538;  49; 273327;  1,913289;  133,93023; 23336,65926
2021-02-08;16-19;  0,7;13453;  53; 273589;  1,915123;  145,00217; 36805,92817
2021-02-08;20-39;  2,0;16244;  58;1475419; 29,508380;  855,74302;239667,06236
2021-02-08;40-64;  3,4;21689;  49;1898104; 64,535536;  930,07096;411679,77656
2021-02-08;65-79;  7,4; 7314;  25; 894166; 66,168284;  223,54150; 65399,30124
2021-02-08;80+; 13,8; 4937;  24; 282106; 38,930628;   67,70544; 13927,57322
2021-02-15;0-2;  1,1; 2479;  47; 184821;  2,033031;   86,86587;  4581,71259
2021-02-15;3-5;  1,6; 5212;  80; 184769;  2,956304;  147,81520;  9630,16028
2021-02-15;6-11;  0,3; 8157;  81; 373744;  1,121232;  302,73264; 30486,29808
2021-02-15;12-15;  0,4; 9047;  56; 273327;  1,093308;  153,06312; 24727,89369
2021-02-15;16-19;  0,4;14223;  76; 273589;  1,094356;  207,92764; 38912,56347
2021-02-15;20-39;  1,6;16483;  74;1475419; 23,606704; 1091,81006;243193,31377
2021-02-15;40-64;  3,3;21861;  56;1898104; 62,637432; 1062,93824;414944,51544
2021-02-15;65-79;  4,4; 8369;  25; 894166; 39,343304;  223,54150; 74832,75254
2021-02-15;80+; 13,5; 4916;  20; 282106; 38,084310;   56,42120; 13868,33096
2021-02-22;0-2;  1,6; 2956;  52; 184821;  2,957136;   96,10692;  5463,30876
2021-02-22;3-5;  0,5; 6039;  69; 184769;  0,923845;  127,49061; 11158,19991
2021-02-22;6-11;  0,3; 9916;  88; 373744;  1,121232;  328,89472; 37060,45504
2021-02-22;12-15;  0,4;12377;  69; 273327;  1,093308;  188,59563; 33829,68279
2021-02-22;16-19;  1,1;18529;  82; 273589;  3,009479;  224,34298; 50693,30581
2021-02-22;20-39;  2,1;18511;  83;1475419; 30,983799; 1224,59777;273114,81109
2021-02-22;40-64;  4,1;24514;  60;1898104; 77,822264; 1138,86240;465301,21456
2021-02-22;65-79;  4,8;10346;  27; 894166; 42,919968;  241,42482; 92510,41436
2021-02-22;80+; 11,3; 5513;  30; 282106; 31,877978;   84,63180; 15552,50378
2021-03-01;0-2;  0,0; 3219;  46; 184821;  0,000000;   85,01766;  5949,38799
2021-03-01;3-5;  0,0; 7052;  70; 184769;  0,000000;  129,33830; 13029,90988
2021-03-01;6-11;  0,8;12434; 105; 373744;  2,989952;  392,43120; 46471,32896
2021-03-01;12-15;  0,4;13229;  68; 273327;  1,093308;  185,86236; 36158,42883
2021-03-01;16-19;  1,5;18479;  87; 273589;  4,103835;  238,02243; 50556,51131
2021-03-01;20-39;  2,2;20149;  78;1475419; 32,459218; 1150,82682;297282,17431
2021-03-01;40-64;  4,2;26525;  59;1898104; 79,720368; 1119,88136;503472,08600
2021-03-01;65-79;  5,8;10998;  24; 894166; 51,861628;  214,59984; 98340,37668
2021-03-01;80+;  9,2; 5501;  21; 282106; 25,953752;   59,24226; 15518,65106
2021-03-08;0-2;  0,5; 3331;  43; 184821;  0,924105;   79,47303;  6156,38751
2021-03-08;3-5;  0,5; 7395;  79; 184769;  0,923845;  145,96751; 13663,66755
2021-03-08;6-11;  0,0;14719; 110; 373744;  0,000000;  411,11840; 55011,37936
2021-03-08;12-15;  0,4;20449;  76; 273327;  1,093308;  207,72852; 55892,63823
2021-03-08;16-19;  0,7;26582;  98; 273589;  1,915123;  268,11722; 72725,42798
2021-03-08;20-39;  2,1;19961;  85;1475419; 30,983799; 1254,10615;294508,38659
2021-03-08;40-64;  4,1;25985;  63;1898104; 77,822264; 1195,80552;493222,32440
2021-03-08;65-79;  5,6;10071;  20; 894166; 50,073296;  178,83320; 90051,45786
2021-03-08;80+;  7,8; 4883;  17; 282106; 22,004268;   47,95802; 13775,23598
2021-03-15;0-2;  1,1; 3491;  48; 184821;  2,033031;   88,71408;  6452,10111
2021-03-15;3-5;  0,0; 7700;  84; 184769;  0,000000;  155,20596; 14227,21300
2021-03-15;6-11;  0,3;18020; 140; 373744;  1,121232;  523,24160; 67348,66880
2021-03-15;12-15;  0,4;30210;  97; 273327;  1,093308;  265,12719; 82572,08670
2021-03-15;16-19;  1,5;29530; 121; 273589;  4,103835;  331,04269; 80790,83170
2021-03-15;20-39;  1,4;20241;  98;1475419; 20,655866; 1445,91062;298639,55979
2021-03-15;40-64;  4,5;26764;  73;1898104; 85,414680; 1385,61592;508008,55456
2021-03-15;65-79;  4,9;10337;  26; 894166; 43,814134;  232,48316; 92429,93942
2021-03-15;80+;  7,8; 4781;  14; 282106; 22,004268;   39,49484; 13487,48786
2021-03-22;0-2;  2,2; 3562;  55; 184821;  4,066062;  101,65155;  6583,32402
2021-03-22;3-5;  0,0; 8479;  69; 184769;  0,000000;  127,49061; 15666,56351
2021-03-22;6-11;  0,0;18402; 138; 373744;  0,000000;  515,76672; 68776,37088
2021-03-22;12-15;  0,0;23329;  99; 273327;  0,000000;  270,59373; 63764,45583
2021-03-22;16-19;  1,1;21734; 129; 273589;  3,009479;  352,92981; 59461,83326
2021-03-22;20-39;  3,2;21366; 115;1475419; 47,213408; 1696,73185;315238,02354
2021-03-22;40-64;  5,9;26972;  84;1898104;111,988136; 1594,40736;511956,61088
2021-03-22;65-79;  6,7;11101;  31; 894166; 59,909122;  277,19146; 99261,36766
2021-03-22;80+;  3,5; 4588;  19; 282106;  9,873710;   53,60014; 12943,02328
2021-03-29;0-2;  1,1; 2942;  39; 184821;  2,033031;   72,08019;  5437,43382
2021-03-29;3-5;  1,1; 8187;  74; 184769;  2,032459;  136,72906; 15127,03803
2021-03-29;6-11;  0,5;17029; 100; 373744;  1,868720;  373,74400; 63644,86576
2021-03-29;12-15;  0,4;23450;  87; 273327;  1,093308;  237,79449; 64095,18150
2021-03-29;16-19;  0,4;25172; 132; 273589;  1,094356;  361,13748; 68867,82308
2021-03-29;20-39;  3,1;20967;  99;1475419; 45,737989; 1460,66481;309351,10173
2021-03-29;40-64;  5,8;25158;  74;1898104;110,090032; 1404,59696;477525,00432
2021-03-29;65-79;  7,2;12400;  29; 894166; 64,379952;  259,30814;110876,58400
2021-03-29;80+;  8,1; 4552;  18; 282106; 22,850586;   50,77908; 12841,46512
2021-04-05;0-2;  0,5; 2018;  38; 185212;  0,926060;   70,38056;  3737,57816
2021-04-05;3-5;  0,0; 4877;  58; 185707;  0,000000;  107,71006;  9056,93039
2021-04-05;6-11;  0,3;13819;  83; 371467;  1,114401;  308,31761; 51333,02473
2021-04-05;12-15;  0,0;24772; 101; 273165;  0,000000;  275,89665; 67668,43380
2021-04-05;16-19;  1,8;22082; 172; 272950;  4,913100;  469,47400; 60272,81900
2021-04-05;20-39;  3,2;22155; 105;1477316; 47,274112; 1551,18180;327299,35980
2021-04-05;40-64;  5,0;29941;  72;1895946; 94,797300; 1365,08112;567665,19186
2021-04-05;65-79;  5,1;15232;  29; 897350; 45,764850;  260,23150;136684,35200
2021-04-05;80+;  5,6; 5382;  18; 284234; 15,917104;   51,16212; 15297,47388
2021-04-12;0-2;  3,8; 3367;  49; 185212;  7,038056;   90,75388;  6236,08804
2021-04-12;3-5;  0,0; 7107;  85; 185707;  0,000000;  157,85095; 13198,19649
2021-04-12;6-11;  0,5;14101; 125; 371467;  1,857335;  464,33375; 52380,56167
2021-04-12;12-15;  0,0;20138; 111; 273165;  0,000000;  303,21315; 55009,96770
2021-04-12;16-19;  0,7;19593; 180; 272950;  1,910650;  491,31000; 53479,09350
2021-04-12;20-39;  3,1;24426; 116;1477316; 45,796796; 1713,68656;360849,20616
2021-04-12;40-64;  5,1;30113;  79;1895946; 96,693246; 1497,79734;570926,21898
2021-04-12;65-79;  5,8;12935;  24; 897350; 52,046300;  215,36400;116072,22250
2021-04-12;80+;  4,2; 4741;  11; 284234; 11,937828;   31,26574; 13475,53394
2021-04-19;0-2;  2,2; 3878;  35; 185212;  4,074664;   64,82420;  7182,52136
2021-04-19;3-5;  0,0; 7875;  80; 185707;  0,000000;  148,56560; 14624,42625
2021-04-19;6-11;  0,0;14729; 127; 371467;  0,000000;  471,76309; 54713,37443
2021-04-19;12-15;  0,0;19812; 129; 273165;  0,000000;  352,38285; 54119,44980
2021-04-19;16-19;  1,5;18357; 137; 272950;  4,094250;  373,94150; 50105,43150
2021-04-19;20-39;  3,4;25839; 105;1477316; 50,228744; 1551,18180;381723,68124
2021-04-19;40-64;  4,9;31037;  81;1895946; 92,901354; 1535,71626;588444,76002
2021-04-19;65-79;  4,8;12541;  24; 897350; 43,072800;  215,36400;112536,66350
2021-04-19;80+;  4,6; 4076;  12; 284234; 13,074764;   34,10808; 11585,37784
2021-04-26;0-2;  1,1; 3466;  43; 185212;  2,037332;   79,64116;  6419,44792
2021-04-26;3-5;  0,0; 7438;  68; 185707;  0,000000;  126,28076; 13812,88666
2021-04-26;6-11;  0,0;14574; 114; 371467;  0,000000;  423,47238; 54137,60058
2021-04-26;12-15;  0,4;19246; 117; 273165;  1,092660;  319,60305; 52573,33590
2021-04-26;16-19;  1,5;17939; 176; 272950;  4,094250;  480,39200; 48964,50050
2021-04-26;20-39;  3,2;24516; 134;1477316; 47,274112; 1979,60344;362178,79056
2021-04-26;40-64;  5,4;29479;  91;1895946;102,381084; 1725,31086;558905,92134
2021-04-26;65-79;  4,5;10969;  27; 897350; 40,380750;  242,28450; 98430,32150
2021-04-26;80+;  3,2; 3465;   6; 284234;  9,095488;   17,05404;  9848,70810
2021-05-03;0-2;  0,5; 3909;  54; 185212;  0,926060;  100,01448;  7239,93708
2021-05-03;3-5;  0,0; 7718;  72; 185707;  0,000000;  133,70904; 14332,86626
2021-05-03;6-11;  0,3;14694; 117; 371467;  1,114401;  434,61639; 54583,36098
2021-05-03;12-15;  0,0;20120; 135; 273165;  0,000000;  368,77275; 54960,79800
2021-05-03;16-19;  0,4;18675; 296; 272950;  1,091800;  807,93200; 50973,41250
2021-05-03;20-39;  3,1;26226; 160;1477316; 45,796796; 2363,70560;387440,89416
2021-05-03;40-64;  5,9;32669; 103;1895946;111,860814; 1952,82438;619386,59874
2021-05-03;65-79;  3,5;12450;  30; 897350; 31,407250;  269,20500;111720,07500
2021-05-03;80+;  2,8; 3589;   9; 284234;  7,958552;   25,58106; 10201,15826
2021-05-10;0-2;  2,2; 3830;  60; 185212;  4,074664;  111,12720;  7093,61960
2021-05-10;3-5;  0,5; 8821;  82; 185707;  0,928535;  152,27974; 16381,21447
2021-05-10;6-11;  0,3;16101; 149; 371467;  1,114401;  553,48583; 59809,90167
2021-05-10;12-15;  0,4;21871; 171; 273165;  1,092660;  467,11215; 59743,91715
2021-05-10;16-19;  3,3;22688; 361; 272950;  9,007350;  985,34950; 61926,89600
2021-05-10;20-39;  3,7;25248; 182;1477316; 54,660692; 2688,71512;372992,74368
2021-05-10;40-64;  6,3;31527; 105;1895946;119,444598; 1990,74330;597734,89542
2021-05-10;65-79;  5,8;11233;  25; 897350; 52,046300;  224,33750;100799,32550
2021-05-10;80+;  2,8; 2789;   9; 284234;  7,958552;   25,58106;  7927,28626
2021-05-17;0-2;  4,3; 3244;  53; 185212;  7,964116;   98,16236;  6008,27728
2021-05-17;3-5;  0,0; 6992;  72; 185707;  0,000000;  133,70904; 12984,63344
2021-05-17;6-11;  0,5;13034;  99; 371467;  1,857335;  367,75233; 48417,00878
2021-05-17;12-15;  0,4;18106; 150; 273165;  1,092660;  409,74750; 49459,25490
2021-05-17;16-19;  0,7;21621; 353; 272950;  1,910650;  963,51350; 59014,51950
2021-05-17;20-39;  3,4;24864; 184;1477316; 50,228744; 2718,26144;367319,85024
2021-05-17;40-64;  6,0;30253; 102;1895946;113,756760; 1933,86492;573580,54338
2021-05-17;65-79;  2,0; 9259;  22; 897350; 17,947000;  197,41700; 83085,63650
2021-05-17;80+;  0,4; 2419;   2; 284234;  1,136936;    5,68468;  6875,62046
2021-05-24;0-2;  2,2; 3115;  42; 185212;  4,074664;   77,78904;  5769,35380
2021-05-24;3-5;  0,5; 6734;  74; 185707;  0,928535;  137,42318; 12505,50938
2021-05-24;6-11;  0,5;12674;  99; 371467;  1,857335;  367,75233; 47079,72758
2021-05-24;12-15;  0,4;18593; 152; 273165;  1,092660;  415,21080; 50789,56845
2021-05-24;16-19;  1,5;18873; 313; 272950;  4,094250;  854,33350; 51513,85350
2021-05-24;20-39;  3,3;22053; 189;1477316; 48,751428; 2792,12724;325792,49748
2021-05-24;40-64;  5,7;26174; 101;1895946;108,068922; 1914,90546;496244,90604
2021-05-24;65-79;  2,5; 5112;  12; 897350; 22,433750;  107,68200; 45872,53200
2021-05-24;80+;  2,1; 1916;   7; 284234;  5,968914;   19,89638;  5445,92344
2021-05-31;0-2;  2,2; 2992;  43; 185212;  4,074664;   79,64116;  5541,54304
2021-05-31;3-5;  0,5; 6870;  47; 185707;  0,928535;   87,28229; 12758,07090
2021-05-31;6-11;  0,0;11627; 110; 371467;  0,000000;  408,61370; 43190,46809
2021-05-31;12-15;  0,7;16965; 149; 273165;  1,912155;  407,01585; 46342,44225
2021-05-31;16-19;  1,1;18583; 305; 272950;  3,002450;  832,49750; 50722,29850
2021-05-31;20-39;  3,1;20566; 158;1477316; 45,796796; 2334,15928;303824,80856
2021-05-31;40-64;  4,5;22736;  74;1895946; 85,317570; 1403,00004;431062,28256
2021-05-31;65-79;  1,4; 4231;   9; 897350; 12,562900;   80,76150; 37966,87850
2021-05-31;80+;  2,4; 1881;   7; 284234;  6,821616;   19,89638;  5346,44154
2021-06-07;0-2;  2,2; 2140;  22; 185212;  4,074664;   40,74664;  3963,53680
2021-06-07;3-5;  0,0; 4840;  24; 185707;  0,000000;   44,56968;  8988,21880
2021-06-07;6-11;  0,3; 8789;  49; 371467;  1,114401;  182,01883; 32648,23463
2021-06-07;12-15;  1,1;13622;  66; 273165;  3,004815;  180,28890; 37210,53630
2021-06-07;16-19;  1,5;13744; 114; 272950;  4,094250;  311,16300; 37514,24800
2021-06-07;20-39;  2,0;17448;  87;1477316; 29,546320; 1285,26492;257762,09568
2021-06-07;40-64;  3,9;17463;  37;1895946; 73,941894;  701,50002;331089,04998
2021-06-07;65-79;  0,8; 3023;   5; 897350;  7,178800;   44,86750; 27126,89050
2021-06-07;80+;  1,0; 1458;   3; 284234;  2,842340;    8,52702;  4144,13172
2021-06-14;0-2;  0,5; 1539;  15; 185212;  0,926060;   27,78180;  2850,41268
2021-06-14;3-5;  0,0; 3722;  19; 185707;  0,000000;   35,28433;  6912,01454
2021-06-14;6-11;  0,3; 6878;  31; 371467;  1,114401;  115,15477; 25549,50026
2021-06-14;12-15;  0,4;10928;  35; 273165;  1,092660;   95,60775; 29851,47120
2021-06-14;16-19;  1,1;10667;  66; 272950;  3,002450;  180,14700; 29115,57650
2021-06-14;20-39;  1,8;15127;  51;1477316; 26,591688;  753,43116;223473,59132
2021-06-14;40-64;  1,8;13139;  21;1895946; 34,127028;  398,14866;249108,34494
2021-06-14;65-79;  0,4; 2260;   3; 897350;  3,589400;   26,92050; 20280,11000
2021-06-14;80+;  2,1; 1169;   4; 284234;  5,968914;   11,36936;  3322,69546
2021-06-21;0-2;  0,5; 1529;   8; 185212;  0,926060;   14,81696;  2831,89148
2021-06-21;3-5;  0,0; 3807;  13; 185707;  0,000000;   24,14191;  7069,86549
2021-06-21;6-11;  0,0; 7466;  19; 371467;  0,000000;   70,57873; 27733,72622
2021-06-21;12-15;  0,4;10878;  25; 273165;  1,092660;   68,29125; 29714,88870
2021-06-21;16-19;  0,0; 8800;  37; 272950;  0,000000;  100,99150; 24019,60000
2021-06-21;20-39;  1,2;14883;  49;1477316; 17,727792;  723,88484;219868,94028
2021-06-21;40-64;  1,1;11084;  15;1895946; 20,855406;  284,39190;210146,65464
2021-06-21;65-79;  0,4; 2122;   2; 897350;  3,589400;   17,94700; 19041,76700
2021-06-21;80+;  0,3; 1032;   1; 284234;  0,852702;    2,84234;  2933,29488
2021-06-28;0-2;  1,6; 2311;  18; 185212;  2,963392;   33,33816;  4280,24932
2021-06-28;3-5;  0,0; 6297;  17; 185707;  0,000000;   31,57019; 11693,96979
2021-06-28;6-11;  0,0; 9633;  20; 371467;  0,000000;   74,29340; 35783,41611
2021-06-28;12-15;  0,4;14259;  40; 273165;  1,092660;  109,26600; 38950,59735
2021-06-28;16-19;  1,1;14359; 157; 272950;  3,002450;  428,53150; 39192,89050
2021-06-28;20-39;  1,3;17631; 104;1477316; 19,205108; 1536,40864;260465,58396
2021-06-28;40-64;  0,4;11657;  22;1895946;  7,583784;  417,10812;221010,42522
2021-06-28;65-79;  0,2; 2269;   3; 897350;  1,794700;   26,92050; 20360,87150
2021-06-28;80+;  0,7; 1180;   1; 284234;  1,989638;    2,84234;  3353,96120
2021-07-05;0-2;  1,1; 2296;  21; 185270;  2,037970;   38,90670;  4253,79920
2021-07-05;3-5;  0,0; 6100;  31; 186973;  0,000000;   57,96163; 11405,35300
2021-07-05;6-11;  0,3; 9639;  37; 369573;  1,108719;  136,74201; 35623,14147
2021-07-05;12-15;  0,4;14859;  78; 272889;  1,091556;  212,85342; 40548,57651
2021-07-05;16-19;  0,7;17463; 222; 272312;  1,906184;  604,53264; 47553,84456
2021-07-05;20-39;  2,2;18480; 189;1480097; 32,562134; 2797,38333;273521,92560
2021-07-05;40-64;  0,7;11338;  37;1895430; 13,268010;  701,30910;214903,85340
2021-07-05;65-79;  0,7; 2420;   6; 899994;  6,299958;   53,99964; 21779,85480
2021-07-05;80+;  0,7; 1321;   3; 287651;  2,013557;    8,62953;  3799,86971
2021-07-12;0-2;  2,7; 2072;  38; 185270;  5,002290;   70,40260;  3838,79440
2021-07-12;3-5;  1,1; 5550;  56; 186973;  2,056703;  104,70488; 10377,00150
2021-07-12;6-11;  0,3; 9017;  57; 369573;  1,108719;  210,65661; 33324,39741
2021-07-12;12-15;  0,0;14290; 109; 272889;  0,000000;  297,44901; 38995,83810
2021-07-12;16-19;  0,4;16555; 319; 272312;  1,089248;  868,67528; 45081,25160
2021-07-12;20-39;  3,5;17824; 290;1480097; 51,803395; 4292,28130;263812,48928
2021-07-12;40-64;  1,3;10068;  46;1895430; 24,640590;  871,89780;190831,89240
2021-07-12;65-79;  1,1; 2269;   8; 899994;  9,899934;   71,99952; 20420,86386
2021-07-12;80+;  1,4; 1484;   7; 287651;  4,027114;   20,13557;  4268,74084
2021-07-19;0-2;  1,1; 1410;  37; 185270;  2,037970;   68,54990;  2612,30700
2021-07-19;3-5;  0,0; 3776;  55; 186973;  0,000000;  102,83515;  7060,10048
2021-07-19;6-11;  0,0; 7199;  77; 369573;  0,000000;  284,57121; 26605,56027
2021-07-19;12-15;  0,4;12084; 128; 272889;  1,091556;  349,29792; 32975,90676
2021-07-19;16-19;  1,5;12678; 231; 272312;  4,084680;  629,04072; 34523,71536
2021-07-19;20-39;  3,3;14494; 203;1480097; 48,843201; 3004,59691;214525,25918
2021-07-19;40-64;  1,3; 8133;  37;1895430; 24,640590;  701,30910;154155,32190
2021-07-19;65-79;  0,8; 2114;  10; 899994;  7,199952;   89,99940; 19025,87316
2021-07-19;80+;  3,1; 1433;  11; 287651;  8,917181;   31,64161;  4122,03883
2021-07-26;0-2;  2,2; 1169;  40; 185270;  4,075940;   74,10800;  2165,80630
2021-07-26;3-5;  0,0; 3290;  80; 186973;  0,000000;  149,57840;  6151,41170
2021-07-26;6-11;  0,5; 6158; 110; 369573;  1,847865;  406,53030; 22758,30534
2021-07-26;12-15;  0,4;10110; 151; 272889;  1,091556;  412,06239; 27589,07790
2021-07-26;16-19;  0,4;10672; 259; 272312;  1,089248;  705,28808; 29061,13664
2021-07-26;20-39;  3,2;12558; 228;1480097; 47,363104; 3374,62116;185870,58126
2021-07-26;40-64;  2,2; 7510;  51;1895430; 41,699460;  966,66930;142346,79300
2021-07-26;65-79;  1,2; 2231;  12; 899994; 10,799928;  107,99928; 20078,86614
2021-07-26;80+;  1,7; 1555;   9; 287651;  4,890067;   25,88859;  4472,97305
2021-08-02;0-2;  2,7; 1346;  55; 185270;  5,002290;  101,89850;  2493,73420
2021-08-02;3-5;  0,0; 3809;  89; 186973;  0,000000;  166,40597;  7121,80157
2021-08-02;6-11;  0,3; 6935; 157; 369573;  1,108719;  580,22961; 25629,88755
2021-08-02;12-15;  0,7;11023; 202; 272889;  1,910223;  551,23578; 30080,55447
2021-08-02;16-19;  1,1; 9093; 224; 272312;  2,995432;  609,97888; 24761,33016
2021-08-02;20-39;  2,8;10911; 201;1480097; 41,442716; 2974,99497;161493,38367
2021-08-02;40-64;  2,3; 7421;  61;1895430; 43,594890; 1156,21230;140659,86030
2021-08-02;65-79;  1,4; 2263;  16; 899994; 12,599916;  143,99904; 20366,86422
2021-08-02;80+;  4,5; 1608;  12; 287651; 12,944295;   34,51812;  4625,42808
2021-08-09;0-2;  4,3; 2274;  83; 185270;  7,966610;  153,77410;  4213,03980
2021-08-09;3-5;  1,6; 5517; 140; 186973;  2,991568;  261,76220; 10315,30041
2021-08-09;6-11;  0,3; 7551; 219; 369573;  1,108719;  809,36487; 27906,45723
2021-08-09;12-15;  1,8; 9793; 247; 272889;  4,912002;  674,03583; 26724,01977
2021-08-09;16-19;  1,8; 7491; 195; 272312;  4,901616;  531,00840; 20398,89192
2021-08-09;20-39;  4,8;10315; 195;1480097; 71,044656; 2886,18915;152672,00555
2021-08-09;40-64;  3,3; 7262;  67;1895430; 62,549190; 1269,93810;137646,12660
2021-08-09;65-79;  1,8; 2468;  19; 899994; 16,199892;  170,99886; 22211,85192
2021-08-09;80+;  4,5; 1802;  19; 287651; 12,944295;   54,65369;  5183,47102
2021-08-16;0-2;  5,4; 3099;  91; 185270; 10,004580;  168,59570;  5741,51730
2021-08-16;3-5;  1,1; 8361; 158; 186973;  2,056703;  295,41734; 15632,81253
2021-08-16;6-11;  0,5;12937; 338; 369573;  1,847865; 1249,15674; 47811,65901
2021-08-16;12-15;  0,7;14237; 284; 272889;  1,910223;  775,00476; 38851,20693
2021-08-16;16-19;  2,6; 9680; 158; 272312;  7,080112;  430,25296; 26359,80160
2021-08-16;20-39;  5,0;10223; 157;1480097; 74,004850; 2323,75229;151310,31631
2021-08-16;40-64;  4,1; 8288;  67;1895430; 77,712630; 1269,93810;157093,23840
2021-08-16;65-79;  3,4; 2676;  25; 899994; 30,599796;  224,99850; 24083,83944
2021-08-16;80+;  4,9; 1780;  23; 287651; 14,094899;   66,15973;  5120,18780
2021-08-23;0-2;  2,7; 3640;  77; 185270;  5,002290;  142,65790;  6743,82800
2021-08-23;3-5;  0,0; 9327; 136; 186973;  0,000000;  254,28328; 17438,97171
2021-08-23;6-11;  0,5;15364; 350; 369573;  1,847865; 1293,50550; 56781,19572
2021-08-23;12-15;  1,5;15374; 241; 272889;  4,093335;  657,66249; 41953,95486
2021-08-23;16-19;  2,2; 9748; 120; 272312;  5,990864;  326,77440; 26544,97376
2021-08-23;20-39;  4,4; 9941; 121;1480097; 65,124268; 1790,91737;147136,44277
2021-08-23;40-64;  2,9; 9166;  73;1895430; 54,967470; 1383,66390;173735,11380
2021-08-23;65-79;  4,3; 3098;  29; 899994; 38,699742;  260,99826; 27881,81412
2021-08-23;80+;  8,0; 2052;  25; 287651; 23,012080;   71,91275;  5902,59852
2021-08-30;0-2;  1,6; 2853;  37; 185270;  2,964320;   68,54990;  5285,75310
2021-08-30;3-5;  0,5; 6515;  88; 186973;  0,934865;  164,53624; 12181,29095
2021-08-30;6-11;  0,3;10061; 230; 369573;  1,108719;  850,01790; 37182,73953
2021-08-30;12-15;  1,5;10930; 158; 272889;  4,093335;  431,16462; 29826,76770
2021-08-30;16-19;  1,1; 7129;  76; 272312;  2,995432;  206,95712; 19413,12248
2021-08-30;20-39;  3,9; 8114;  90;1480097; 57,723783; 1332,08730;120095,07058
2021-08-30;40-64;  3,2; 7456;  57;1895430; 60,653760; 1080,39510;141323,26080
2021-08-30;65-79;  2,9; 2851;  23; 899994; 26,099826;  206,99862; 25658,82894
2021-08-30;80+; 10,1; 2189;  28; 287651; 29,052751;   80,54228;  6296,68039
2021-09-06;0-2;  1,6; 2123;  33; 185270;  2,964320;   61,13910;  3933,28210
2021-09-06;3-5;  1,1; 4714;  65; 186973;  2,056703;  121,53245;  8813,90722
2021-09-06;6-11;  0,3; 6674; 161; 369573;  1,108719;  595,01253; 24665,30202
2021-09-06;12-15;  0,4; 6949;  84; 272889;  1,091556;  229,22676; 18963,05661
2021-09-06;16-19;  0,0; 5892;  57; 272312;  0,000000;  155,21784; 16044,62304
2021-09-06;20-39;  2,8; 6793;  69;1480097; 41,442716; 1021,26693;100542,98921
2021-09-06;40-64;  2,9; 6354;  39;1895430; 54,967470;  739,21770;120435,62220
2021-09-06;65-79;  3,1; 2723;  20; 899994; 27,899814;  179,99880; 24506,83662
2021-09-06;80+;  7,6; 2266;  24; 287651; 21,861476;   69,03624;  6518,17166
2021-09-13;0-2;  1,1; 1465;  17; 185270;  2,037970;   31,49590;  2714,20550
2021-09-13;3-5;  0,0; 3509;  33; 186973;  0,000000;   61,70109;  6560,88257
2021-09-13;6-11;  0,5; 5275; 122; 369573;  1,847865;  450,87906; 19494,97575
2021-09-13;12-15;  0,0; 4949;  60; 272889;  0,000000;  163,73340; 13505,27661
2021-09-13;16-19;  0,0; 4454;  29; 272312;  0,000000;   78,97048; 12128,77648
2021-09-13;20-39;  1,3; 5382;  45;1480097; 19,241261;  666,04365; 79658,82054
2021-09-13;40-64;  1,6; 5320;  27;1895430; 30,326880;  511,76610;100836,87600
2021-09-13;65-79;  1,8; 2455;  15; 899994; 16,199892;  134,99910; 22094,85270
2021-09-13;80+;  6,6; 1836;  17; 287651; 18,984966;   48,90067;  5281,27236
2021-09-20;0-2;  0,5; 1384;  17; 185270;  0,926350;   31,49590;  2564,13680
2021-09-20;3-5;  0,5; 3545;  40; 186973;  0,934865;   74,78920;  6628,19285
2021-09-20;6-11;  0,3; 5471; 139; 369573;  1,108719;  513,70647; 20219,33883
2021-09-20;12-15;  0,0; 4314;  71; 272889;  0,000000;  193,75119; 11772,43146
2021-09-20;16-19;  0,4; 3697;  36; 272312;  1,089248;   98,03232; 10067,37464
2021-09-20;20-39;  0,9; 4640;  46;1480097; 13,320873;  680,84462; 68676,50080
2021-09-20;40-64;  1,0; 4983;  32;1895430; 18,954300;  606,53760; 94449,27690
2021-09-20;65-79;  2,9; 2357;  22; 899994; 26,099826;  197,99868; 21212,85858
2021-09-20;80+;  9,0; 1822;  27; 287651; 25,888590;   77,66577;  5241,00122
2021-09-27;0-2;  0,5; 1198;  23; 185270;  0,926350;   42,61210;  2219,53460
2021-09-27;3-5;  0,0; 3182;  43; 186973;  0,000000;   80,39839;  5949,48086
2021-09-27;6-11;  0,0; 6131; 179; 369573;  0,000000;  661,53567; 22658,52063
2021-09-27;12-15;  0,4; 4562;  70; 272889;  1,091556;  191,02230; 12449,19618
2021-09-27;16-19;  0,4; 3813;  40; 272312;  1,089248;  108,92480; 10383,25656
2021-09-27;20-39;  1,2; 4450;  56;1480097; 17,761164;  828,85432; 65864,31650
2021-09-27;40-64;  1,2; 5069;  43;1895430; 22,745160;  815,03490; 96079,34670
2021-09-27;65-79;  2,9; 2514;  24; 899994; 26,099826;  215,99856; 22625,84916
2021-09-27;80+;  4,5; 1929;  19; 287651; 12,944295;   54,65369;  5548,78779
2021-10-04;0-2;  1,1; 1259;  32; 186078;  2,046858;   59,54496;  2342,72202
2021-10-04;3-5;  0,0; 3757;  68; 187349;  0,000000;  127,39732;  7038,70193
2021-10-04;6-11;  0,0; 7604; 240; 368598;  0,000000;  884,63520; 28028,19192
2021-10-04;12-15;  0,7; 5454;  91; 272988;  1,910916;  248,41908; 14888,76552
2021-10-04;16-19;  1,1; 4340;  54; 274595;  3,020545;  148,28130; 11917,42300
2021-10-04;20-39;  2,0; 4783;  73;1490049; 29,800980; 1087,73577; 71269,04367
2021-10-04;40-64;  1,5; 5490;  56;1895046; 28,425690; 1061,22576;104038,02540
2021-10-04;65-79;  2,2; 2547;  33; 902300; 19,850600;  297,75900; 22981,58100
2021-10-04;80+;  8,3; 1923;  29; 290409; 24,103947;   84,21861;  5584,56507
2021-10-11;0-2;  1,1; 1318;  26; 186078;  2,046858;   48,38028;  2452,50804
2021-10-11;3-5;  0,0; 4387;  72; 187349;  0,000000;  134,89128;  8219,00063
2021-10-11;6-11;  0,3;11526; 269; 368598;  1,105794;  991,52862; 42484,60548
2021-10-11;12-15;  0,0;10356;  98; 272988;  0,000000;  267,52824; 28270,63728
2021-10-11;16-19;  0,7; 7317;  65; 274595;  1,922165;  178,48675; 20092,11615
2021-10-11;20-39;  2,1; 6443;  92;1490049; 31,291029; 1370,84508; 96003,85707
2021-10-11;40-64;  2,6; 7344;  77;1895046; 49,271196; 1459,18542;139172,17824
2021-10-11;65-79;  5,2; 3070;  49; 902300; 46,919600;  442,12700; 27700,61000
2021-10-11;80+; 10,0; 2254;  34; 290409; 29,040900;   98,73906;  6545,81886
2021-10-18;0-2;  1,6; 1533;  50; 186078;  2,977248;   93,03900;  2852,57574
2021-10-18;3-5;  0,5; 4867; 138; 187349;  0,936745;  258,54162;  9118,27583
2021-10-18;6-11;  0,8; 9818; 308; 368598;  2,948784; 1135,28184; 36188,95164
2021-10-18;12-15;  0,4; 9027; 165; 272988;  1,091952;  450,43020; 24642,62676
2021-10-18;16-19;  1,5; 7128; 110; 274595;  4,118925;  302,05450; 19573,13160
2021-10-18;20-39;  3,2; 7722; 166;1490049; 47,681568; 2473,48134;115061,58378
2021-10-18;40-64;  3,1; 9981; 144;1895046; 58,746426; 2728,86624;189144,54126
2021-10-18;65-79;  6,3; 6552; 107; 902300; 56,844900;  965,46100; 59118,69600
2021-10-18;80+; 22,4; 4350;  77; 290409; 65,051616;  223,61493; 12632,79150
2021-10-25;0-2;  1,6; 2075;  86; 186078;  2,977248;  160,02708;  3861,11850
2021-10-25;3-5;  0,5; 7292; 189; 187349;  0,936745;  354,08961; 13661,48908
2021-10-25;6-11;  0,5;12497; 446; 368598;  1,842990; 1643,94708; 46063,69206
2021-10-25;12-15;  1,1;11728; 225; 272988;  3,002868;  614,22300; 32016,03264
2021-10-25;16-19;  1,5; 9891; 201; 274595;  4,118925;  551,93595; 27160,19145
2021-10-25;20-39;  3,8;10914; 227;1490049; 56,621862; 3382,41123;162623,94786
2021-10-25;40-64;  4,3;13508; 192;1895046; 81,486978; 3638,48832;255982,81368
2021-10-25;65-79; 10,2; 8204; 136; 902300; 92,034600; 1227,12800; 74024,69200
2021-10-25;80+; 19,0; 5419;  91; 290409; 55,177710;  264,27219; 15737,26371
2021-11-01;0-2;  6,0; 3447; 103; 186078; 11,164680;  191,66034;  6414,10866
2021-11-01;3-5;  0,5;13731; 279; 187349;  0,936745;  522,70371; 25724,89119
2021-11-01;6-11;  2,2;23964; 939; 368598;  8,109156; 3461,13522; 88330,82472
2021-11-01;12-15;  1,5;17732; 305; 272988;  4,094820;  832,61340; 48406,23216
2021-11-01;16-19;  0,4;12651; 217; 274595;  1,098380;  595,87115; 34739,01345
2021-11-01;20-39;  5,2;13793; 273;1490049; 77,482548; 4067,83377;205522,45857
2021-11-01;40-64;  5,7;17149; 240;1895046;108,017622; 4548,11040;324981,43854
2021-11-01;65-79; 10,6; 9166; 153; 902300; 95,643800; 1380,51900; 82704,81800
2021-11-01;80+; 23,6; 5919; 105; 290409; 68,536524;  304,92945; 17189,30871
2021-11-08;0-2;  4,9; 4653; 159; 186078;  9,117822;  295,86402;  8658,20934
2021-11-08;3-5;  0,0;17945; 388; 187349;  0,000000;  726,91412; 33619,77805
2021-11-08;6-11;  1,6;30918;1325; 368598;  5,897568; 4883,92350;113963,12964
2021-11-08;12-15;  1,1;22934; 463; 272988;  3,002868; 1263,93444; 62607,06792
2021-11-08;16-19;  1,8;15672; 295; 274595;  4,942710;  810,05525; 43034,52840
2021-11-08;20-39;  4,5;17853; 396;1490049; 67,052205; 5900,59404;266018,44797
2021-11-08;40-64;  6,2;22248; 347;1895046;117,492852; 6575,80962;421609,83408
2021-11-08;65-79; 15,9;11491; 202; 902300;143,465700; 1822,64600;103683,29300
2021-11-08;80+; 32,9; 6685; 129; 290409; 95,544561;  374,62761; 19413,84165
2021-11-15;0-2; 10,9; 5615; 200; 186078; 20,282502;  372,15600; 10448,27970
2021-11-15;3-5;  1,6;20924; 527; 187349;  2,997584;  987,32923; 39200,90476
2021-11-15;6-11;  4,1;34986;1561; 368598; 15,112518; 5753,81478;128957,69628
2021-11-15;12-15;  0,7;26072; 549; 272988;  1,910916; 1498,70412; 71173,43136
2021-11-15;16-19;  0,7;16120; 406; 274595;  1,922165; 1114,85570; 44264,71400
2021-11-15;20-39;  5,9;19548; 488;1490049; 87,912891; 7271,43912;291274,77852
2021-11-15;40-64;  7,8;24023; 439;1895046;147,813588; 8319,25194;455246,90058
2021-11-15;65-79; 15,9;10909; 252; 902300;143,465700; 2273,79600; 98431,90700
2021-11-15;80+; 43,2; 6295; 154; 290409;125,456688;  447,22986; 18281,24655
2021-11-22;0-2;  8,7; 5908; 204; 186078; 16,188786;  379,59912; 10993,48824
2021-11-22;3-5;  2,1;22391; 560; 187349;  3,934329; 1049,15440; 41949,31459
2021-11-22;6-11;  2,4;36101;1672; 368598;  8,846352; 6162,95856;133067,56398
2021-11-22;12-15;  1,1;25652; 539; 272988;  3,002868; 1471,40532; 70026,88176
2021-11-22;16-19;  1,5;17207; 403; 274595;  4,118925; 1106,61785; 47249,56165
2021-11-22;20-39;  7,6;20817; 480;1490049;113,243724; 7152,23520;310183,50033
2021-11-22;40-64;  8,1;26229; 459;1895046;153,498726; 8698,26114;497051,61534
2021-11-22;65-79; 17,1;11515; 274; 902300;154,293300; 2472,30200;103899,84500
2021-11-22;80+; 34,2; 6570; 140; 290409; 99,319878;  406,57260; 19079,87130
2021-11-29;0-2; 10,4; 6218; 286; 186078; 19,352112;  532,18308; 11570,33004
2021-11-29;3-5;  2,7;23056; 641; 187349;  5,058423; 1200,90709; 43195,18544
2021-11-29;6-11;  2,7;36016;1956; 368598;  9,952146; 7209,77688;132754,25568
2021-11-29;12-15;  2,2;25661; 595; 272988;  6,005736; 1624,27860; 70051,45068
2021-11-29;16-19;  2,9;17881; 546; 274595;  7,963255; 1499,28870; 49100,33195
2021-11-29;20-39;  7,7;22634; 593;1490049;114,733773; 8835,99057;337257,69066
2021-11-29;40-64;  9,3;27086; 556;1895046;176,239278;10536,45576;513292,15956
2021-11-29;65-79; 19,4;11401; 281; 902300;175,046200; 2535,46300;102871,22300
2021-11-29;80+; 34,6; 6767; 125; 290409;100,481514;  363,01125; 19651,97703
2021-12-06;0-2; 11,3; 8185; 377; 186078; 21,026814;  701,51406; 15230,48430
2021-12-06;3-5;  2,7;28931; 973; 187349;  5,058423; 1822,90577; 54201,93919
2021-12-06;6-11;  4,9;39584;2574; 368598; 18,061302; 9487,71252;145905,83232
2021-12-06;12-15;  0,7;29693; 867; 272988;  1,910916; 2366,80596; 81058,32684
2021-12-06;16-19;  2,2;21771; 861; 274595;  6,041090; 2364,26295; 59782,07745
2021-12-06;20-39;  9,2;25677; 886;1490049;137,084508;13201,83414;382599,88173
2021-12-06;40-64; 10,8;28741; 774;1895046;204,664968;14667,65604;544655,17086
2021-12-06;65-79; 18,8;11233; 300; 902300;169,632400; 2706,90000;101355,35900
2021-12-06;80+; 37,4; 7431; 142; 290409;108,612966;  412,38078; 21580,29279
2021-12-13;0-2; 18,3;10334; 519; 186078; 34,052274;  965,74482; 19229,30052
2021-12-13;3-5;  1,6;33846;1242; 187349;  2,997584; 2326,87458; 63410,14254
2021-12-13;6-11;  6,2;39244;2734; 368598; 22,853076;10077,46932;144652,59912
2021-12-13;12-15;  6,2;31937;1371; 272988; 16,925256; 3742,66548; 87184,17756
2021-12-13;16-19;  5,8;28179;1920; 274595; 15,926510; 5272,22400; 77378,12505
2021-12-13;20-39; 12,2;29886;1641;1490049;181,785978;24451,70409;445316,04414
2021-12-13;40-64; 12,3;29548;1213;1895046;233,090658;22986,90798;559948,19208
2021-12-13;65-79; 18,8;11634; 333; 902300;169,632400; 3004,65900;104973,58200
2021-12-13;80+; 35,0; 8306; 176; 290409;101,643150;  511,11984; 24121,37154
2021-12-20;0-2; 20,4; 8577; 562; 186078; 37,959912; 1045,75836; 15959,91006
2021-12-20;3-5;  2,7;24537;1182; 187349;  5,058423; 2214,46518; 45969,82413
2021-12-20;6-11;  3,3;22076;1515; 368598; 12,163734; 5584,25970; 81371,69448
2021-12-20;12-15;  2,9;22825;1381; 272988;  7,916652; 3769,96428; 62309,51100
2021-12-20;16-19;  5,5;25116;2318; 274595; 15,102725; 6365,11210; 68967,28020
2021-12-20;20-39; 12,3;25844;1849;1490049;183,276027;27551,00601;385088,26356
2021-12-20;40-64; 14,2;25145;1379;1895046;269,096532;26132,68434;476509,31670
2021-12-20;65-79; 19,9;11748; 351; 902300;179,557700; 3167,07300;106002,20400
2021-12-20;80+; 39,4; 9270; 210; 290409;114,421146;  609,85890; 26920,91430
