Kommune;Kommunekode;Indbyggertal i kommunen;Testjusteret incidens pr. 14-06-2021;Antal nye smittede i kommunen pr. 14-06-2021;Status for automatisk nedlukning;Påbegyndelsesdato for seneste automatiske nedlukning af kommunen;Antal dage i træk med opfyldt genåbningskriterie;Testjusteret incidens pr. 13-06-2021;Testjusteret incidens pr. 12-06-2021;Testjusteret incidens pr. 11-06-2021;Testjusteret incidens pr. 10-06-2021;Testjusteret incidens pr. 09-06-2021;Testjusteret incidens pr. 08-06-2021;Antal nye smittede i kommunen pr. 13-06-2021;Antal nye smittede i kommunen pr. 12-06-2021;Antal nye smittede i kommunen pr. 11-06-2021;Antal nye smittede i kommunen pr. 10-06-2021;Antal nye smittede i kommunen pr. 09-06-2021;Antal nye smittede i kommunen pr. 08-06-2021
Køge;259;60979;147,30;83;Lav incidens ikke nedlukket;-;;147,65;154,28;141,19;133,35;131,23;129,92;86;91;84;80;79;78
Jammerbugt;849;38324;113,47;44;Lav incidens ikke nedlukket;-;;113,60;96,43;94,48;109,48;104,71;105,12;45;39;39;46;44;44
Aarhus;751;349983;105,88;385;Lav incidens ikke nedlukket;-;;111,83;115,95;117,35;121,11;124,15;131,65;415;436;448;469;489;524
Aalborg;851;217075;105,84;278;Lav incidens ikke nedlukket;-;;112,04;127,54;138,59;158,23;165,64;176,13;302;352;394;458;489;527
København;101;632340;101,13;680;Lav incidens ikke nedlukket;-;;108,47;114,71;125,11;137,38;142,26;145,26;744;802;895;997;1042;1075
Randers;730;97805;100,36;109;Lav incidens ikke nedlukket;-;;112,26;121,25;140,07;159,52;164,58;154,17;124;135;157;178;182;169
Frederiksberg;147;104305;93,54;89;Lav incidens ikke nedlukket;-;;108,31;126,67;134,96;148,39;170,60;178,52;106;127;139;155;180;189
Faxe;320;36576;92,25;35;Lav incidens ikke nedlukket;-;;92,97;110,21;126,39;119,56;115,29;108,10;36;43;49;47;45;42
Herlev;163;28953;91,09;28;Lav incidens ikke nedlukket;-;;89,26;95,98;96,08;123,21;121,49;125,63;29;32;33;43;43;44
Helsingør;217;62695;87,17;46;Lav incidens ikke nedlukket;-;;83,25;93,04;90,04;85,50;78,54;72,12;45;51;50;48;45;42
Brøndby;153;35090;85,35;29;Lav incidens ikke nedlukket;-;;91,52;95,87;102,84;108,53;116,63;135,47;32;34;37;39;43;51
Greve;253;50558;83,74;44;Lav incidens ikke nedlukket;-;;100,08;110,72;117,58;117,49;115,21;119,86;54;61;66;67;66;70
Gladsaxe;159;69262;81,88;58;Lav incidens ikke nedlukket;-;;91,21;94,07;99,87;106,34;112,38;114,06;67;71;77;84;90;92
Ishøj;183;22989;79,94;18;Lav incidens ikke nedlukket;-;;82,34;100,17;105,46;122,72;146,69;145,93;19;24;26;31;38;38
Rudersdal;230;56728;79,92;40;Lav incidens ikke nedlukket;-;;90,85;97,83;121,91;138,74;139,50;132,77;47;52;66;77;79;75
Rødovre;175;40652;78,50;34;Lav incidens ikke nedlukket;-;;88,48;104,44;134,23;162,71;161,90;171,67;39;47;61;74;74;79
Dragør;155;14494;77,90;13;Lav incidens ikke nedlukket;-;;78,20;96,60;112,72;131,49;166,13;201,57;14;18;22;27;35;43
Vallensbæk;187;16633;74,59;12;Lav incidens ikke nedlukket;-;;79,52;82,89;93,54;103,05;95,76;92,88;13;14;16;18;17;17
Roskilde;265;87914;72,83;68;Lav incidens ikke nedlukket;-;;84,29;98,04;94,03;106,56;105,40;110,98;81;96;94;109;110;117
Ringsted;329;34852;72,11;22;Lav incidens ikke nedlukket;-;;73,90;44,33;59,15;52,87;45,82;49,12;23;14;19;17;15;16
Albertslund;165;27731;71,65;18;Lav incidens ikke nedlukket;-;;89,11;86,96;96,44;110,50;112,15;109,75;23;23;26;30;31;31
Solrød;269;23255;70,79;18;Lav incidens ikke nedlukket;-;;65,01;85,82;80,51;89,53;90,45;85,17;17;23;22;25;26;25
Brønderslev;810;36304;70,09;25;Lav incidens ikke nedlukket;-;;74,07;67,88;75,39;77,24;87,33;86,21;27;25;28;29;33;33
Glostrup;161;23128;68,45;15;Lav incidens ikke nedlukket;-;;89,43;74,60;81,06;88,93;95,28;101,53;20;17;19;21;23;25
Slagelse;330;79073;66,26;53;Lav incidens ikke nedlukket;-;;67,98;69,72;67,14;70,93;75,27;73,99;55;57;55;59;63;62
Frederikshavn;813;59654;63,35;41;Lav incidens ikke nedlukket;-;;60,98;58,47;90,22;115,41;122,98;123,34;41;40;63;81;85;84
Vejen;575;42742;62,66;24;Lav incidens ikke nedlukket;-;;66,24;72,55;75,08;95,02;93,76;102,36;26;29;31;40;40;44
Halsnæs;260;31384;61,82;16;Lav incidens ikke nedlukket;-;;52,46;54,63;48,94;41,04;36,20;32,03;14;15;14;12;11;10
Allerød;201;25633;60,95;17;Lav incidens ikke nedlukket;-;;56,23;69,51;64,41;62,71;67,66;90,06;16;20;19;19;21;28
Høje-Taastrup;169;50759;59,43;36;Lav incidens ikke nedlukket;-;;67,12;65,84;67,12;90,93;108,95;114,37;42;42;44;61;74;78
Ballerup;151;48602;58,93;36;Lav incidens ikke nedlukket;-;;66,44;75,81;96,61;98,48;100,14;93,96;42;49;64;66;68;64
Gentofte;157;74830;56,98;39;Lav incidens ikke nedlukket;-;;63,75;74,78;75,07;98,57;107,35;105,14;45;54;56;75;84;84
Hjørring;860;64483;54,15;36;Lav incidens ikke nedlukket;-;;57,38;53,42;57,04;71,81;71,16;69,74;39;37;40;51;51;50
Favrskov;710;48397;52,24;31;Lav incidens ikke nedlukket;-;;64,29;67,39;69,77;63,16;63,86;65,64;39;41;43;39;40;41
Hvidovre;167;53527;51,42;31;Lav incidens ikke nedlukket;-;;55,98;68,20;71,59;76,65;78,50;84,14;34;42;45;49;51;56
Hillerød;219;51183;51,05;33;Lav incidens ikke nedlukket;-;;58,78;64,75;70,31;78,37;86,49;91,06;39;44;49;56;63;67
Lyngby-Taarbæk;173;56214;49,71;24;Lav incidens ikke nedlukket;-;;56,31;52,32;58,38;80,33;88,98;101,04;28;27;31;44;50;60
Tårnby;185;42989;49,36;25;Lav incidens ikke nedlukket;-;;64,72;69,49;96,88;100,86;103,68;101,05;34;37;53;56;58;57
Thisted;787;43423;48,32;19;Lav incidens ikke nedlukket;-;;50,02;37,11;34,18;41,02;37,63;37,31;20;15;14;17;16;16
Vesthimmerlands;820;36727;47,16;15;Lav incidens ikke nedlukket;-;;48,63;48,06;55,93;55,47;89,15;92,66;16;16;19;19;31;32
Furesø;190;40965;47,05;19;Lav incidens ikke nedlukket;-;;55,79;52,67;56,39;61,98;66,12;63,06;23;22;24;27;29;28
Stevns;336;22805;46,40;9;Lav incidens ikke nedlukket;-;;54,75;58,31;53,22;61,95;70,87;65,99;11;12;11;13;15;14
Skive;779;45851;46,05;21;Lav incidens ikke nedlukket;-;;51,36;61,10;63,46;73,78;79,95;78,89;24;29;31;37;41;41
Gribskov;270;41048;45,81;17;Lav incidens ikke nedlukket;-;;70,23;83,31;95,96;118,94;137,24;155,29;27;33;39;50;59;68
Varde;573;49961;43,93;18;Lav incidens ikke nedlukket;-;;46,04;45,68;42,92;32,95;30,74;37,33;19;19;18;14;13;16
Holbæk;316;71541;42,75;30;Lav incidens ikke nedlukket;-;;49,70;51,04;50,01;47,82;46,41;46,93;36;38;38;37;37;38
Vejle;630;115748;42,25;57;Lav incidens ikke nedlukket;-;;46,05;54,09;55,42;67,82;73,65;83,48;63;75;78;97;107;121
Lejre;350;27996;41,15;12;Lav incidens ikke nedlukket;-;;43,31;35,96;48,03;40,92;52,58;54,85;13;11;15;13;17;18
Fredensborg;210;40865;39,51;14;Lav incidens ikke nedlukket;-;;44,24;43,41;42,73;39,84;49,71;54,22;16;16;16;15;19;21
Bornholm;400;39499;38,95;19;Lav incidens ikke nedlukket;-;;37,01;34,30;36,72;33,49;25,11;23,87;21;23;25;23;17;16
Hedensted;766;46722;36,40;19;Lav incidens ikke nedlukket;-;;39,47;40,86;38,50;45,49;37,92;39,62;21;22;21;25;21;22
Assens;420;40965;36,21;13;Lav incidens ikke nedlukket;-;;32,71;24,04;28,93;31,25;33,30;35,92;12;9;11;12;13;14
Egedal;240;43354;35,72;17;Lav incidens ikke nedlukket;-;;44,08;56,03;60,36;82,59;92,28;105,01;22;29;32;45;51;58
Odense;461;204895;35,66;90;Lav incidens ikke nedlukket;-;;41,45;44,34;45,51;48,05;54,23;59,62;107;116;121;129;148;165
Mariagerfjord;846;41800;35,09;15;Lav incidens ikke nedlukket;-;;39,04;40,52;50,55;58,46;76,65;83,82;17;18;23;27;36;40
Frederikssund;250;45223;34,55;14;Lav incidens ikke nedlukket;-;;31,26;33,05;41,86;48,01;63,59;60,43;13;14;18;21;28;27
Esbjerg;561;115483;34,20;41;Lav incidens ikke nedlukket;-;;31,18;27,45;28,94;33,63;38,81;48,63;38;34;37;44;52;66
Syddjurs;706;42962;33,42;13;Lav incidens ikke nedlukket;-;;30,32;35,05;46,14;52,21;60,37;62,04;12;14;19;22;26;27
Hørsholm;223;24864;32,52;9;Lav incidens ikke nedlukket;-;;50,08;79,51;97,18;142,63;155,88;152,14;14;22;26;36;39;37
Næstved;370;83143;32,42;30;Lav incidens ikke nedlukket;-;;41,91;50,00;64,64;75,51;91,07;99,59;40;49;65;77;94;102
Holstebro;661;58591;31,50;21;Lav incidens ikke nedlukket;-;;35,46;40,72;48,07;48,27;56,66;50,66;24;28;34;35;42;38
Guldborgsund;376;60722;30,56;19;Lav incidens ikke nedlukket;-;;29,99;29,26;25,65;20,92;23,84;20,50;19;19;17;14;16;14
Norddjurs;707;37089;28,54;9;Lav incidens ikke nedlukket;-;;40,37;36,44;50,42;64,48;90,54;106,94;13;12;17;22;31;37
Rebild;840;30113;27,46;8;Lav incidens ikke nedlukket;-;;23,48;22,86;22,26;43,06;60,66;77,73;7;7;7;14;20;26
Silkeborg;740;94026;26,16;25;Lav incidens ikke nedlukket;-;;28,75;28,35;32,84;33,37;34,87;37,61;28;28;33;34;36;39
Horsens;615;90966;25,98;25;Lav incidens ikke nedlukket;-;;30,77;32,30;40,54;49,28;53,87;59,62;30;32;41;50;55;61
Herning;657;89127;25,08;23;Lav incidens ikke nedlukket;-;;22,43;22,10;29,11;36,27;40,12;50,08;21;21;28;35;39;49
Svendborg;479;58296;24,07;16;Lav incidens ikke nedlukket;-;;26,59;23,33;24,57;24,14;25,38;23,82;18;16;17;17;18;17
Billund;530;26608;24,02;8;Lav incidens ikke nedlukket;-;;23,75;26,59;35,18;55,10;49,00;53,94;8;9;12;19;17;19
Nyborg;450;32009;23,80;9;Lav incidens ikke nedlukket;-;;23,30;23,07;25,28;27,28;29,28;31,34;9;9;10;11;12;13
Nordfyns;480;29665;23,63;6;Lav incidens ikke nedlukket;-;;30,65;33,56;32,53;35,14;41,30;42,44;8;9;9;10;12;13
Viborg;791;96921;23,37;23;Lav incidens ikke nedlukket;-;;24,32;23,07;28,59;32,92;31,54;28,25;24;23;29;34;33;30
Kolding;621;93175;23,27;24;Lav incidens ikke nedlukket;-;;22,95;22,81;21,52;25,03;22,96;26,66;24;24;23;27;25;29
Morsø;773;20247;22,69;4;Lav incidens ikke nedlukket;-;;27,98;27,42;32,02;26,41;20,95;20,87;5;5;6;5;4;4
Odsherred;306;32957;22,49;6;Lav incidens ikke nedlukket;-;;28,66;44,13;59,74;73,53;96,29;101,44;8;13;18;23;31;33
Sorø;340;29881;21,53;6;Lav incidens ikke nedlukket;-;;31,11;30,09;36,18;41,18;40,82;40,65;9;9;11;13;13;13
Skanderborg;746;62678;18,33;13;Lav incidens ikke nedlukket;-;;27,30;33,53;36,81;54,75;59,25;62,41;20;25;28;42;46;49
Kerteminde;440;23812;18,15;4;Lav incidens ikke nedlukket;-;;26,48;38,51;37,32;28,81;40,43;43,91;6;9;9;7;10;11
Fredericia;607;51377;17,62;10;Lav incidens ikke nedlukket;-;;20,76;20,41;23,09;29,16;36,62;39,17;12;12;14;18;23;25
Kalundborg;326;48436;16,55;6;Lav incidens ikke nedlukket;-;;15,72;22,63;22,95;21,86;26,09;25,91;6;9;9;9;11;11
Vordingborg;390;45566;15,83;6;Lav incidens ikke nedlukket;-;;15,42;14,78;16,96;23,89;28,41;30,89;6;6;7;10;12;13
Ringkøbing-Skjern;760;56594;14,99;8;Lav incidens ikke nedlukket;-;;23,69;28,89;31,79;41,91;42,91;42,82;13;16;18;24;25;25
Faaborg-Midtfyn;430;51556;13,93;7;Lav incidens ikke nedlukket;-;;13,66;9,45;11,18;12,76;17,75;15,63;7;5;6;7;10;9
Ikast-Brande;756;41369;13,26;6;Lav incidens ikke nedlukket;-;;15,09;14,85;23,09;26,89;32,62;30,12;7;7;11;13;16;15
Tønder;550;37366;12,95;5;Lav incidens ikke nedlukket;-;;12,76;12,54;14,91;24,21;32,97;36,92;5;5;6;10;14;16
Aabenraa;580;58761;12,37;9;Lav incidens ikke nedlukket;-;;14,84;13,42;11,85;10,44;11,65;11,55;11;10;9;8;9;9
Odder;727;22844;12,23;3;Lav incidens ikke nedlukket;-;;11,93;11,58;11,53;7,54;11,10;10,95;3;3;3;2;3;3
Lemvig;665;19722;10,26;2;Lav incidens ikke nedlukket;-;;14,89;9,86;9,77;14,60;14,53;14,41;3;2;2;3;3;3
Middelfart;410;38853;10,09;4;Lav incidens ikke nedlukket;-;;9,99;9,84;14,42;21,45;23,78;23,84;4;4;6;9;10;10
Haderslev;510;55670;9,86;5;Lav incidens ikke nedlukket;-;;13,58;17,29;24,39;22,36;25,68;25,42;7;9;13;12;14;14
Struer;671;21036;8,71;2;Lav incidens ikke nedlukket;-;;8,56;8,42;16,49;24,13;24,05;27,89;2;2;4;6;6;7
Sønderborg;540;74220;7,35;7;Lav incidens ikke nedlukket;-;;9,26;10,21;12,15;17,05;21,71;23,55;9;10;12;17;22;24
Lolland;360;41105;5,00;2;Lav incidens ikke nedlukket;-;;4,87;7,15;7,00;9,24;16,04;20,31;2;3;3;4;7;9
Læsø;825;1786;0,00;0;Lav incidens ikke nedlukket;-;;0,00;0,00;0,00;0,00;NA;NA;0;0;0;NA;NA;NA
Samsø;741;3657;0,00;0;Lav incidens ikke nedlukket;-;;0,00;0,00;0,00;0,00;109,67;108,40;0;0;0;0;3;3
Fanø;563;3488;0,00;0;Lav incidens ikke nedlukket;-;;0,00;0,00;0,00;37,56;37,13;73,46;0;0;0;1;1;2
Ærø;492;5964;0,00;0;Lav incidens ikke nedlukket;-;;0,00;0,00;0,00;0,00;0,00;0,00;0;0;0;0;0;0
Langeland;482;12491;0,00;0;Lav incidens ikke nedlukket;-;;0,00;0,00;0,00;0,00;0,00;9,21;0;0;0;0;0;1
