"Vaccinedato","Regionsnavn","Kumulerede antal færdigvacc.","Antal borgere","Vaccinations dækning (%)"
2021-01-04,Hovedstaden,0,1857912,0.00
2021-01-08,Hovedstaden,1,1857912,0.00
2021-01-09,Hovedstaden,2,1857912,0.00
2021-01-13,Hovedstaden,3,1857912,0.00
2021-01-15,Hovedstaden,8,1857912,0.00
2021-01-16,Hovedstaden,8,1857912,0.00
2021-01-17,Hovedstaden,45,1857912,0.00
2021-01-18,Hovedstaden,181,1857912,0.01
2021-01-19,Hovedstaden,348,1857912,0.02
2021-01-20,Hovedstaden,474,1857912,0.03
2021-01-21,Hovedstaden,589,1857912,0.03
2021-01-22,Hovedstaden,666,1857912,0.04
2021-01-23,Hovedstaden,4754,1857912,0.26
2021-01-24,Hovedstaden,8732,1857912,0.47
2021-01-25,Hovedstaden,8976,1857912,0.48
2021-01-26,Hovedstaden,9112,1857912,0.49
2021-01-27,Hovedstaden,9742,1857912,0.52
2021-01-28,Hovedstaden,13510,1857912,0.73
2021-01-29,Hovedstaden,21007,1857912,1.13
2021-01-30,Hovedstaden,25571,1857912,1.38
2021-01-31,Hovedstaden,28174,1857912,1.52
2021-02-01,Hovedstaden,30064,1857912,1.62
2021-02-02,Hovedstaden,30176,1857912,1.62
2021-02-03,Hovedstaden,33149,1857912,1.78
2021-02-04,Hovedstaden,39626,1857912,2.13
2021-02-05,Hovedstaden,44494,1857912,2.39
2021-02-06,Hovedstaden,47508,1857912,2.56
2021-02-07,Hovedstaden,48077,1857912,2.59
2021-02-08,Hovedstaden,49213,1857912,2.65
2021-02-09,Hovedstaden,49246,1857912,2.65
2021-02-10,Hovedstaden,50180,1857912,2.70
2021-02-11,Hovedstaden,50421,1857912,2.71
2021-02-12,Hovedstaden,54588,1857912,2.94
2021-02-13,Hovedstaden,54595,1857912,2.94
2021-02-14,Hovedstaden,54606,1857912,2.94
2021-02-15,Hovedstaden,55980,1857912,3.01
2021-02-16,Hovedstaden,56390,1857912,3.04
2021-02-17,Hovedstaden,56422,1857912,3.04
2021-02-18,Hovedstaden,56496,1857912,3.04
2021-02-19,Hovedstaden,56545,1857912,3.04
2021-02-20,Hovedstaden,56645,1857912,3.05
2021-02-21,Hovedstaden,56750,1857912,3.05
2021-02-22,Hovedstaden,56895,1857912,3.06
2021-02-23,Hovedstaden,57049,1857912,3.07
2021-02-24,Hovedstaden,57117,1857912,3.07
2021-02-25,Hovedstaden,57149,1857912,3.08
2021-02-26,Hovedstaden,57210,1857912,3.08
2021-02-27,Hovedstaden,58317,1857912,3.14
2021-02-28,Hovedstaden,59459,1857912,3.20
2021-03-01,Hovedstaden,59681,1857912,3.21
2021-03-02,Hovedstaden,59937,1857912,3.23
2021-03-03,Hovedstaden,59977,1857912,3.23
2021-03-04,Hovedstaden,60174,1857912,3.24
2021-03-05,Hovedstaden,60437,1857912,3.25
2021-03-06,Hovedstaden,60531,1857912,3.26
2021-03-07,Hovedstaden,60850,1857912,3.28
2021-03-08,Hovedstaden,61086,1857912,3.29
2021-03-09,Hovedstaden,62546,1857912,3.37
2021-03-10,Hovedstaden,64241,1857912,3.46
2021-03-11,Hovedstaden,68640,1857912,3.69
2021-03-12,Hovedstaden,73490,1857912,3.96
2021-03-13,Hovedstaden,73576,1857912,3.96
2021-03-14,Hovedstaden,76813,1857912,4.13
2021-03-15,Hovedstaden,79572,1857912,4.28
2021-03-16,Hovedstaden,83111,1857912,4.47
2021-03-17,Hovedstaden,87542,1857912,4.71
2021-03-18,Hovedstaden,91956,1857912,4.95
2021-03-19,Hovedstaden,93124,1857912,5.01
2021-03-20,Hovedstaden,93209,1857912,5.02
2021-03-21,Hovedstaden,95294,1857912,5.13
2021-03-22,Hovedstaden,95377,1857912,5.13
2021-03-23,Hovedstaden,95483,1857912,5.14
2021-03-24,Hovedstaden,104099,1857912,5.60
2021-03-25,Hovedstaden,108638,1857912,5.85
2021-03-26,Hovedstaden,111334,1857912,5.99
2021-03-27,Hovedstaden,111376,1857912,5.99
2021-03-28,Hovedstaden,111409,1857912,6.00
2021-03-29,Hovedstaden,111971,1857912,6.03
2021-03-30,Hovedstaden,112250,1857912,6.04
2021-03-31,Hovedstaden,116047,1857912,6.25
2021-04-01,Hovedstaden,120771,1857912,6.50
2021-04-02,Hovedstaden,124507,1857912,6.70
2021-04-03,Hovedstaden,124595,1857912,6.71
2021-04-04,Hovedstaden,124634,1857912,6.71
2021-04-05,Hovedstaden,124669,1857912,6.71
2021-04-06,Hovedstaden,124859,1857912,6.72
2021-04-07,Hovedstaden,125443,1857912,6.75
2021-04-08,Hovedstaden,127122,1857912,6.84
2021-04-09,Hovedstaden,130538,1857912,7.03
2021-04-10,Hovedstaden,131838,1857912,7.10
2021-04-11,Hovedstaden,131975,1857912,7.10
2021-04-12,Hovedstaden,138861,1857912,7.47
2021-04-13,Hovedstaden,139936,1857912,7.53
2021-04-14,Hovedstaden,144495,1857912,7.78
2021-04-15,Hovedstaden,146058,1857912,7.86
2021-04-16,Hovedstaden,149095,1857912,8.02
2021-04-17,Hovedstaden,149298,1857912,8.04
2021-04-18,Hovedstaden,149478,1857912,8.05
2021-04-19,Hovedstaden,151539,1857912,8.16
2021-04-20,Hovedstaden,156559,1857912,8.43
2021-04-21,Hovedstaden,160325,1857912,8.63
2021-04-22,Hovedstaden,160463,1857912,8.64
2021-04-23,Hovedstaden,167434,1857912,9.01
2021-04-24,Hovedstaden,169427,1857912,9.12
2021-04-25,Hovedstaden,169743,1857912,9.14
2021-04-26,Hovedstaden,172907,1857912,9.31
2021-04-27,Hovedstaden,182622,1857912,9.83
2021-04-28,Hovedstaden,190823,1857912,10.3
2021-04-29,Hovedstaden,198051,1857912,10.7
2021-04-30,Hovedstaden,198268,1857912,10.7
2021-05-01,Hovedstaden,198736,1857912,10.7
2021-05-02,Hovedstaden,207338,1857912,11.2
2021-05-03,Hovedstaden,215316,1857912,11.6
2021-05-04,Hovedstaden,223967,1857912,12.1
2021-05-05,Hovedstaden,235986,1857912,12.7
2021-05-06,Hovedstaden,246008,1857912,13.2
2021-05-07,Hovedstaden,253555,1857912,13.6
2021-05-08,Hovedstaden,273265,1857912,14.7
2021-05-09,Hovedstaden,281429,1857912,15.1
2021-05-10,Hovedstaden,286987,1857912,15.4
2021-05-11,Hovedstaden,293163,1857912,15.8
2021-05-12,Hovedstaden,298756,1857912,16.1
2021-05-13,Hovedstaden,309383,1857912,16.7
2021-05-14,Hovedstaden,317164,1857912,17.1
2021-05-15,Hovedstaden,324038,1857912,17.4
2021-05-16,Hovedstaden,327493,1857912,17.6
2021-05-17,Hovedstaden,334637,1857912,18.0
2021-05-18,Hovedstaden,343576,1857912,18.5
2021-05-19,Hovedstaden,346328,1857912,18.6
2021-05-20,Hovedstaden,352223,1857912,19.0
2021-05-21,Hovedstaden,359129,1857912,19.3
2021-05-22,Hovedstaden,362133,1857912,19.5
2021-05-23,Hovedstaden,363381,1857912,19.6
2021-05-24,Hovedstaden,364370,1857912,19.6
2021-05-25,Hovedstaden,366654,1857912,19.7
2021-05-26,Hovedstaden,369467,1857912,19.9
2021-05-27,Hovedstaden,372497,1857912,20.0
2021-05-28,Hovedstaden,374142,1857912,20.1
2021-05-29,Hovedstaden,375925,1857912,20.2
2021-05-30,Hovedstaden,380109,1857912,20.5
2021-05-31,Hovedstaden,388846,1857912,20.9
2021-06-01,Hovedstaden,395730,1857912,21.3
2021-06-02,Hovedstaden,402596,1857912,21.7
2021-06-03,Hovedstaden,413901,1857912,22.3
2021-06-04,Hovedstaden,416640,1857912,22.4
2021-06-05,Hovedstaden,417836,1857912,22.5
2021-06-06,Hovedstaden,426615,1857912,23.0
2021-06-07,Hovedstaden,438502,1857912,23.6
2021-06-08,Hovedstaden,446794,1857912,24.0
2021-06-09,Hovedstaden,456080,1857912,24.5
2021-06-10,Hovedstaden,458523,1857912,24.7
2021-06-11,Hovedstaden,461012,1857912,24.8
2021-06-12,Hovedstaden,462499,1857912,24.9
2021-06-13,Hovedstaden,464417,1857912,25.0
2021-06-14,Hovedstaden,466498,1857912,25.1
2021-06-15,Hovedstaden,468070,1857912,25.2
2021-06-16,Hovedstaden,475502,1857912,25.6
2021-06-17,Hovedstaden,482849,1857912,26.0
2021-06-18,Hovedstaden,492669,1857912,26.5
2021-06-19,Hovedstaden,499523,1857912,26.9
2021-06-20,Hovedstaden,504960,1857912,27.2
2021-06-21,Hovedstaden,512634,1857912,27.6
2021-06-22,Hovedstaden,520700,1857912,28.0
2021-06-23,Hovedstaden,532343,1857912,28.7
2021-06-24,Hovedstaden,544751,1857912,29.3
2021-06-25,Hovedstaden,552894,1857912,29.8
2021-06-26,Hovedstaden,563470,1857912,30.3
2021-06-27,Hovedstaden,572399,1857912,30.8
2021-01-04,Midtjylland,0,1335368,0.00
2021-01-08,Midtjylland,0,1335368,0.00
2021-01-09,Midtjylland,0,1335368,0.00
2021-01-13,Midtjylland,0,1335368,0.00
2021-01-15,Midtjylland,0,1335368,0.00
2021-01-16,Midtjylland,7,1335368,0.00
2021-01-17,Midtjylland,8,1335368,0.00
2021-01-18,Midtjylland,174,1335368,0.01
2021-01-19,Midtjylland,184,1335368,0.01
2021-01-20,Midtjylland,282,1335368,0.02
2021-01-21,Midtjylland,859,1335368,0.06
2021-01-22,Midtjylland,2020,1335368,0.15
2021-01-23,Midtjylland,3040,1335368,0.23
2021-01-24,Midtjylland,4304,1335368,0.32
2021-01-25,Midtjylland,4467,1335368,0.33
2021-01-26,Midtjylland,4513,1335368,0.34
2021-01-27,Midtjylland,5632,1335368,0.42
2021-01-28,Midtjylland,7404,1335368,0.55
2021-01-29,Midtjylland,11175,1335368,0.84
2021-01-30,Midtjylland,13740,1335368,1.03
2021-01-31,Midtjylland,19774,1335368,1.48
2021-02-01,Midtjylland,21254,1335368,1.59
2021-02-02,Midtjylland,22253,1335368,1.67
2021-02-03,Midtjylland,23628,1335368,1.77
2021-02-04,Midtjylland,25389,1335368,1.90
2021-02-05,Midtjylland,27774,1335368,2.08
2021-02-06,Midtjylland,28256,1335368,2.12
2021-02-07,Midtjylland,28331,1335368,2.12
2021-02-08,Midtjylland,30978,1335368,2.32
2021-02-09,Midtjylland,33580,1335368,2.51
2021-02-10,Midtjylland,35454,1335368,2.65
2021-02-11,Midtjylland,37039,1335368,2.77
2021-02-12,Midtjylland,38038,1335368,2.85
2021-02-13,Midtjylland,38074,1335368,2.85
2021-02-14,Midtjylland,38101,1335368,2.85
2021-02-15,Midtjylland,38567,1335368,2.89
2021-02-16,Midtjylland,38799,1335368,2.91
2021-02-17,Midtjylland,38916,1335368,2.91
2021-02-18,Midtjylland,38982,1335368,2.92
2021-02-19,Midtjylland,39091,1335368,2.93
2021-02-20,Midtjylland,39094,1335368,2.93
2021-02-21,Midtjylland,39137,1335368,2.93
2021-02-22,Midtjylland,39499,1335368,2.96
2021-02-23,Midtjylland,39774,1335368,2.98
2021-02-24,Midtjylland,39996,1335368,3.00
2021-02-25,Midtjylland,40152,1335368,3.01
2021-02-26,Midtjylland,40542,1335368,3.04
2021-02-27,Midtjylland,40545,1335368,3.04
2021-02-28,Midtjylland,40547,1335368,3.04
2021-03-01,Midtjylland,40693,1335368,3.05
2021-03-02,Midtjylland,40873,1335368,3.06
2021-03-03,Midtjylland,41090,1335368,3.08
2021-03-04,Midtjylland,41706,1335368,3.12
2021-03-05,Midtjylland,44337,1335368,3.32
2021-03-06,Midtjylland,45875,1335368,3.44
2021-03-07,Midtjylland,46998,1335368,3.52
2021-03-08,Midtjylland,50437,1335368,3.78
2021-03-09,Midtjylland,53210,1335368,3.98
2021-03-10,Midtjylland,54977,1335368,4.12
2021-03-11,Midtjylland,56242,1335368,4.21
2021-03-12,Midtjylland,57250,1335368,4.29
2021-03-13,Midtjylland,57835,1335368,4.33
2021-03-14,Midtjylland,58043,1335368,4.35
2021-03-15,Midtjylland,60840,1335368,4.56
2021-03-16,Midtjylland,64369,1335368,4.82
2021-03-17,Midtjylland,67201,1335368,5.03
2021-03-18,Midtjylland,68359,1335368,5.12
2021-03-19,Midtjylland,71430,1335368,5.35
2021-03-20,Midtjylland,71453,1335368,5.35
2021-03-21,Midtjylland,71466,1335368,5.35
2021-03-22,Midtjylland,74235,1335368,5.56
2021-03-23,Midtjylland,77615,1335368,5.81
2021-03-24,Midtjylland,79351,1335368,5.94
2021-03-25,Midtjylland,81091,1335368,6.07
2021-03-26,Midtjylland,82501,1335368,6.18
2021-03-27,Midtjylland,82678,1335368,6.19
2021-03-28,Midtjylland,82841,1335368,6.20
2021-03-29,Midtjylland,85286,1335368,6.39
2021-03-30,Midtjylland,88242,1335368,6.61
2021-03-31,Midtjylland,89910,1335368,6.73
2021-04-01,Midtjylland,90290,1335368,6.76
2021-04-02,Midtjylland,90623,1335368,6.79
2021-04-03,Midtjylland,90665,1335368,6.79
2021-04-04,Midtjylland,90722,1335368,6.79
2021-04-05,Midtjylland,90873,1335368,6.81
2021-04-06,Midtjylland,92878,1335368,6.96
2021-04-07,Midtjylland,96744,1335368,7.24
2021-04-08,Midtjylland,99197,1335368,7.43
2021-04-09,Midtjylland,100500,1335368,7.53
2021-04-10,Midtjylland,101234,1335368,7.58
2021-04-11,Midtjylland,102022,1335368,7.64
2021-04-12,Midtjylland,103915,1335368,7.78
2021-04-13,Midtjylland,105664,1335368,7.91
2021-04-14,Midtjylland,108067,1335368,8.09
2021-04-15,Midtjylland,111144,1335368,8.32
2021-04-16,Midtjylland,112589,1335368,8.43
2021-04-17,Midtjylland,112631,1335368,8.43
2021-04-18,Midtjylland,112663,1335368,8.44
2021-04-19,Midtjylland,117525,1335368,8.80
2021-04-20,Midtjylland,122059,1335368,9.14
2021-04-21,Midtjylland,127762,1335368,9.57
2021-04-22,Midtjylland,130420,1335368,9.77
2021-04-23,Midtjylland,132337,1335368,9.91
2021-04-24,Midtjylland,132406,1335368,9.92
2021-04-25,Midtjylland,132436,1335368,9.92
2021-04-26,Midtjylland,133267,1335368,9.98
2021-04-27,Midtjylland,137043,1335368,10.3
2021-04-28,Midtjylland,142905,1335368,10.7
2021-04-29,Midtjylland,148395,1335368,11.1
2021-04-30,Midtjylland,149049,1335368,11.2
2021-05-01,Midtjylland,149123,1335368,11.2
2021-05-02,Midtjylland,149157,1335368,11.2
2021-05-03,Midtjylland,158014,1335368,11.8
2021-05-04,Midtjylland,166390,1335368,12.5
2021-05-05,Midtjylland,175259,1335368,13.1
2021-05-06,Midtjylland,182808,1335368,13.7
2021-05-07,Midtjylland,188757,1335368,14.1
2021-05-08,Midtjylland,188993,1335368,14.2
2021-05-09,Midtjylland,189072,1335368,14.2
2021-05-10,Midtjylland,196141,1335368,14.7
2021-05-11,Midtjylland,203740,1335368,15.3
2021-05-12,Midtjylland,213083,1335368,16.0
2021-05-13,Midtjylland,215752,1335368,16.2
2021-05-14,Midtjylland,224844,1335368,16.8
2021-05-15,Midtjylland,225164,1335368,16.9
2021-05-16,Midtjylland,225404,1335368,16.9
2021-05-17,Midtjylland,235515,1335368,17.6
2021-05-18,Midtjylland,243334,1335368,18.2
2021-05-19,Midtjylland,250230,1335368,18.7
2021-05-20,Midtjylland,257349,1335368,19.3
2021-05-21,Midtjylland,260544,1335368,19.5
2021-05-22,Midtjylland,260660,1335368,19.5
2021-05-23,Midtjylland,260963,1335368,19.5
2021-05-24,Midtjylland,262137,1335368,19.6
2021-05-25,Midtjylland,265586,1335368,19.9
2021-05-26,Midtjylland,268573,1335368,20.1
2021-05-27,Midtjylland,271153,1335368,20.3
2021-05-28,Midtjylland,273026,1335368,20.4
2021-05-29,Midtjylland,273112,1335368,20.5
2021-05-30,Midtjylland,273195,1335368,20.5
2021-05-31,Midtjylland,278853,1335368,20.9
2021-06-01,Midtjylland,282152,1335368,21.1
2021-06-02,Midtjylland,287205,1335368,21.5
2021-06-03,Midtjylland,293687,1335368,22.0
2021-06-04,Midtjylland,297644,1335368,22.3
2021-06-05,Midtjylland,298044,1335368,22.3
2021-06-06,Midtjylland,298619,1335368,22.4
2021-06-07,Midtjylland,303897,1335368,22.8
2021-06-08,Midtjylland,309838,1335368,23.2
2021-06-09,Midtjylland,314503,1335368,23.6
2021-06-10,Midtjylland,322389,1335368,24.1
2021-06-11,Midtjylland,328186,1335368,24.6
2021-06-12,Midtjylland,330000,1335368,24.7
2021-06-13,Midtjylland,330764,1335368,24.8
2021-06-14,Midtjylland,341860,1335368,25.6
2021-06-15,Midtjylland,350737,1335368,26.3
2021-06-16,Midtjylland,358866,1335368,26.9
2021-06-17,Midtjylland,361756,1335368,27.1
2021-06-18,Midtjylland,367537,1335368,27.5
2021-06-19,Midtjylland,367828,1335368,27.5
2021-06-20,Midtjylland,368166,1335368,27.6
2021-06-21,Midtjylland,374422,1335368,28.0
2021-06-22,Midtjylland,380913,1335368,28.5
2021-06-23,Midtjylland,388206,1335368,29.1
2021-06-24,Midtjylland,396475,1335368,29.7
2021-06-25,Midtjylland,404579,1335368,30.3
2021-06-26,Midtjylland,404791,1335368,30.3
2021-06-27,Midtjylland,405707,1335368,30.4
2021-01-04,NA,0,0,0.00
2021-01-08,NA,0,0,0.00
2021-01-09,NA,0,0,0.00
2021-01-13,NA,0,0,0.00
2021-01-15,NA,0,0,0.00
2021-01-16,NA,0,0,0.00
2021-01-17,NA,0,0,0.00
2021-01-18,NA,0,0,0.00
2021-01-19,NA,0,0,0.00
2021-01-20,NA,0,0,0.00
2021-01-21,NA,0,0,0.00
2021-01-22,NA,0,0,0.00
2021-01-23,NA,0,0,0.00
2021-01-24,NA,0,0,0.00
2021-01-25,NA,0,0,0.00
2021-01-26,NA,0,0,0.00
2021-01-27,NA,0,0,0.00
2021-01-28,NA,0,0,0.00
2021-01-29,NA,0,0,0.00
2021-01-30,NA,0,0,0.00
2021-01-31,NA,0,0,0.00
2021-02-01,NA,0,0,0.00
2021-02-02,NA,0,0,0.00
2021-02-03,NA,0,0,0.00
2021-02-04,NA,0,0,0.00
2021-02-05,NA,0,0,0.00
2021-02-06,NA,0,0,0.00
2021-02-07,NA,0,0,0.00
2021-02-08,NA,0,0,0.00
2021-02-09,NA,0,0,0.00
2021-02-10,NA,0,0,0.00
2021-02-11,NA,0,0,0.00
2021-02-12,NA,0,0,0.00
2021-02-13,NA,0,0,0.00
2021-02-14,NA,0,0,0.00
2021-02-15,NA,0,0,0.00
2021-02-16,NA,0,0,0.00
2021-02-17,NA,0,0,0.00
2021-02-18,NA,0,0,0.00
2021-02-19,NA,0,0,0.00
2021-02-20,NA,0,0,0.00
2021-02-21,NA,0,0,0.00
2021-02-22,NA,0,0,0.00
2021-02-23,NA,0,0,0.00
2021-02-24,NA,0,0,0.00
2021-02-25,NA,0,0,0.00
2021-02-26,NA,0,0,0.00
2021-02-27,NA,0,0,0.00
2021-02-28,NA,0,0,0.00
2021-03-01,NA,0,0,0.00
2021-03-02,NA,0,0,0.00
2021-03-03,NA,0,0,0.00
2021-03-04,NA,0,0,0.00
2021-03-05,NA,0,0,0.00
2021-03-06,NA,0,0,0.00
2021-03-07,NA,0,0,0.00
2021-03-08,NA,0,0,0.00
2021-03-09,NA,0,0,0.00
2021-03-10,NA,0,0,0.00
2021-03-11,NA,0,0,0.00
2021-03-12,NA,0,0,0.00
2021-03-13,NA,0,0,0.00
2021-03-14,NA,0,0,0.00
2021-03-15,NA,0,0,0.00
2021-03-16,NA,0,0,0.00
2021-03-17,NA,0,0,0.00
2021-03-18,NA,0,0,0.00
2021-03-19,NA,0,0,0.00
2021-03-20,NA,0,0,0.00
2021-03-21,NA,0,0,0.00
2021-03-22,NA,0,0,0.00
2021-03-23,NA,0,0,0.00
2021-03-24,NA,0,0,0.00
2021-03-25,NA,0,0,0.00
2021-03-26,NA,0,0,0.00
2021-03-27,NA,0,0,0.00
2021-03-28,NA,0,0,0.00
2021-03-29,NA,0,0,0.00
2021-03-30,NA,0,0,0.00
2021-03-31,NA,0,0,0.00
2021-04-01,NA,0,0,0.00
2021-04-02,NA,0,0,0.00
2021-04-03,NA,0,0,0.00
2021-04-04,NA,0,0,0.00
2021-04-05,NA,0,0,0.00
2021-04-06,NA,0,0,0.00
2021-04-07,NA,0,0,0.00
2021-04-08,NA,0,0,0.00
2021-04-09,NA,0,0,0.00
2021-04-10,NA,0,0,0.00
2021-04-11,NA,0,0,0.00
2021-04-12,NA,0,0,0.00
2021-04-13,NA,0,0,0.00
2021-04-14,NA,0,0,0.00
2021-04-15,NA,0,0,0.00
2021-04-16,NA,0,0,0.00
2021-04-17,NA,0,0,0.00
2021-04-18,NA,0,0,0.00
2021-04-19,NA,0,0,0.00
2021-04-20,NA,0,0,0.00
2021-04-21,NA,0,0,0.00
2021-04-22,NA,0,0,0.00
2021-04-23,NA,0,0,0.00
2021-04-24,NA,0,0,0.00
2021-04-25,NA,0,0,0.00
2021-04-26,NA,0,0,0.00
2021-04-27,NA,0,0,0.00
2021-04-28,NA,0,0,0.00
2021-04-29,NA,0,0,0.00
2021-04-30,NA,0,0,0.00
2021-05-01,NA,0,0,0.00
2021-05-02,NA,0,0,0.00
2021-05-03,NA,0,0,0.00
2021-05-04,NA,0,0,0.00
2021-05-05,NA,0,0,0.00
2021-05-06,NA,0,0,0.00
2021-05-07,NA,0,0,0.00
2021-05-08,NA,0,0,0.00
2021-05-09,NA,0,0,0.00
2021-05-10,NA,0,0,0.00
2021-05-11,NA,0,0,0.00
2021-05-12,NA,0,0,0.00
2021-05-13,NA,0,0,0.00
2021-05-14,NA,0,0,0.00
2021-05-15,NA,0,0,0.00
2021-05-16,NA,0,0,0.00
2021-05-17,NA,0,0,0.00
2021-05-18,NA,0,0,0.00
2021-05-19,NA,0,0,0.00
2021-05-20,NA,0,0,0.00
2021-05-21,NA,0,0,0.00
2021-05-22,NA,0,0,0.00
2021-05-23,NA,0,0,0.00
2021-05-24,NA,0,0,0.00
2021-05-25,NA,0,0,0.00
2021-05-26,NA,0,0,0.00
2021-05-27,NA,0,0,0.00
2021-05-28,NA,0,0,0.00
2021-05-29,NA,0,0,0.00
2021-05-30,NA,0,0,0.00
2021-05-31,NA,0,0,0.00
2021-06-01,NA,0,0,0.00
2021-06-02,NA,0,0,0.00
2021-06-03,NA,0,0,0.00
2021-06-04,NA,0,0,0.00
2021-06-05,NA,0,0,0.00
2021-06-06,NA,0,0,0.00
2021-06-07,NA,0,0,0.00
2021-06-08,NA,0,0,0.00
2021-06-09,NA,0,0,0.00
2021-06-10,NA,0,0,0.00
2021-06-11,NA,0,0,0.00
2021-06-12,NA,0,0,0.00
2021-06-13,NA,0,0,0.00
2021-06-14,NA,0,0,0.00
2021-06-15,NA,0,0,0.00
2021-06-16,NA,0,0,0.00
2021-06-17,NA,0,0,0.00
2021-06-18,NA,0,0,0.00
2021-06-19,NA,0,0,0.00
2021-06-20,NA,0,0,0.00
2021-06-21,NA,0,0,0.00
2021-06-22,NA,0,0,0.00
2021-06-23,NA,0,0,0.00
2021-06-24,NA,0,0,0.00
2021-06-25,NA,0,0,0.00
2021-06-26,NA,0,0,0.00
2021-06-27,NA,0,0,0.00
2021-01-04,Nordjylland,0,590349,0.00
2021-01-08,Nordjylland,0,590349,0.00
2021-01-09,Nordjylland,0,590349,0.00
2021-01-13,Nordjylland,0,590349,0.00
2021-01-15,Nordjylland,0,590349,0.00
2021-01-16,Nordjylland,0,590349,0.00
2021-01-17,Nordjylland,1,590349,0.00
2021-01-18,Nordjylland,4,590349,0.00
2021-01-19,Nordjylland,6,590349,0.00
2021-01-20,Nordjylland,9,590349,0.00
2021-01-21,Nordjylland,18,590349,0.00
2021-01-22,Nordjylland,2479,590349,0.42
2021-01-23,Nordjylland,3808,590349,0.65
2021-01-24,Nordjylland,4433,590349,0.75
2021-01-25,Nordjylland,4445,590349,0.75
2021-01-26,Nordjylland,4600,590349,0.78
2021-01-27,Nordjylland,4823,590349,0.82
2021-01-28,Nordjylland,5344,590349,0.91
2021-01-29,Nordjylland,7241,590349,1.23
2021-01-30,Nordjylland,9055,590349,1.53
2021-01-31,Nordjylland,10625,590349,1.80
2021-02-01,Nordjylland,11211,590349,1.90
2021-02-02,Nordjylland,11574,590349,1.96
2021-02-03,Nordjylland,12104,590349,2.05
2021-02-04,Nordjylland,12403,590349,2.10
2021-02-05,Nordjylland,12943,590349,2.19
2021-02-06,Nordjylland,13523,590349,2.29
2021-02-07,Nordjylland,14730,590349,2.50
2021-02-08,Nordjylland,16083,590349,2.72
2021-02-09,Nordjylland,17166,590349,2.91
2021-02-10,Nordjylland,17866,590349,3.03
2021-02-11,Nordjylland,18110,590349,3.07
2021-02-12,Nordjylland,18201,590349,3.08
2021-02-13,Nordjylland,18202,590349,3.08
2021-02-14,Nordjylland,18204,590349,3.08
2021-02-15,Nordjylland,18238,590349,3.09
2021-02-16,Nordjylland,18261,590349,3.09
2021-02-17,Nordjylland,18276,590349,3.10
2021-02-18,Nordjylland,18311,590349,3.10
2021-02-19,Nordjylland,18491,590349,3.13
2021-02-20,Nordjylland,18632,590349,3.16
2021-02-21,Nordjylland,18655,590349,3.16
2021-02-22,Nordjylland,18682,590349,3.16
2021-02-23,Nordjylland,18706,590349,3.17
2021-02-24,Nordjylland,18715,590349,3.17
2021-02-25,Nordjylland,18732,590349,3.17
2021-02-26,Nordjylland,18780,590349,3.18
2021-02-27,Nordjylland,18781,590349,3.18
2021-02-28,Nordjylland,18785,590349,3.18
2021-03-01,Nordjylland,18861,590349,3.19
2021-03-02,Nordjylland,18930,590349,3.21
2021-03-03,Nordjylland,18975,590349,3.21
2021-03-04,Nordjylland,19012,590349,3.22
2021-03-05,Nordjylland,19698,590349,3.34
2021-03-06,Nordjylland,20408,590349,3.46
2021-03-07,Nordjylland,21025,590349,3.56
2021-03-08,Nordjylland,21628,590349,3.66
2021-03-09,Nordjylland,22176,590349,3.76
2021-03-10,Nordjylland,22546,590349,3.82
2021-03-11,Nordjylland,23341,590349,3.95
2021-03-12,Nordjylland,24862,590349,4.21
2021-03-13,Nordjylland,27249,590349,4.62
2021-03-14,Nordjylland,29512,590349,5.00
2021-03-15,Nordjylland,31276,590349,5.30
2021-03-16,Nordjylland,31334,590349,5.31
2021-03-17,Nordjylland,31375,590349,5.31
2021-03-18,Nordjylland,31481,590349,5.33
2021-03-19,Nordjylland,32030,590349,5.43
2021-03-20,Nordjylland,33798,590349,5.73
2021-03-21,Nordjylland,33803,590349,5.73
2021-03-22,Nordjylland,35202,590349,5.96
2021-03-23,Nordjylland,37456,590349,6.34
2021-03-24,Nordjylland,37884,590349,6.42
2021-03-25,Nordjylland,38097,590349,6.45
2021-03-26,Nordjylland,38136,590349,6.46
2021-03-27,Nordjylland,38415,590349,6.51
2021-03-28,Nordjylland,38437,590349,6.51
2021-03-29,Nordjylland,38548,590349,6.53
2021-03-30,Nordjylland,38864,590349,6.58
2021-03-31,Nordjylland,40684,590349,6.89
2021-04-01,Nordjylland,40720,590349,6.90
2021-04-02,Nordjylland,41272,590349,6.99
2021-04-03,Nordjylland,41700,590349,7.06
2021-04-04,Nordjylland,42210,590349,7.15
2021-04-05,Nordjylland,42818,590349,7.25
2021-04-06,Nordjylland,42947,590349,7.27
2021-04-07,Nordjylland,43440,590349,7.36
2021-04-08,Nordjylland,44413,590349,7.52
2021-04-09,Nordjylland,46390,590349,7.86
2021-04-10,Nordjylland,47405,590349,8.03
2021-04-11,Nordjylland,48509,590349,8.22
2021-04-12,Nordjylland,48573,590349,8.23
2021-04-13,Nordjylland,49019,590349,8.30
2021-04-14,Nordjylland,49725,590349,8.42
2021-04-15,Nordjylland,51201,590349,8.67
2021-04-16,Nordjylland,52148,590349,8.83
2021-04-17,Nordjylland,52165,590349,8.84
2021-04-18,Nordjylland,55168,590349,9.34
2021-04-19,Nordjylland,57777,590349,9.79
2021-04-20,Nordjylland,58646,590349,9.93
2021-04-21,Nordjylland,58695,590349,9.94
2021-04-22,Nordjylland,58749,590349,9.95
2021-04-23,Nordjylland,58800,590349,9.96
2021-04-24,Nordjylland,59696,590349,10.1
2021-04-25,Nordjylland,60192,590349,10.2
2021-04-26,Nordjylland,61234,590349,10.4
2021-04-27,Nordjylland,63730,590349,10.8
2021-04-28,Nordjylland,65479,590349,11.1
2021-04-29,Nordjylland,66649,590349,11.3
2021-04-30,Nordjylland,67455,590349,11.4
2021-05-01,Nordjylland,68225,590349,11.6
2021-05-02,Nordjylland,69406,590349,11.8
2021-05-03,Nordjylland,79291,590349,13.4
2021-05-04,Nordjylland,80336,590349,13.6
2021-05-05,Nordjylland,81758,590349,13.8
2021-05-06,Nordjylland,82376,590349,14.0
2021-05-07,Nordjylland,83749,590349,14.2
2021-05-08,Nordjylland,84980,590349,14.4
2021-05-09,Nordjylland,86797,590349,14.7
2021-05-10,Nordjylland,91525,590349,15.5
2021-05-11,Nordjylland,95184,590349,16.1
2021-05-12,Nordjylland,97136,590349,16.5
2021-05-13,Nordjylland,98974,590349,16.8
2021-05-14,Nordjylland,102211,590349,17.3
2021-05-15,Nordjylland,107591,590349,18.2
2021-05-16,Nordjylland,112157,590349,19.0
2021-05-17,Nordjylland,114879,590349,19.5
2021-05-18,Nordjylland,116959,590349,19.8
2021-05-19,Nordjylland,120588,590349,20.4
2021-05-20,Nordjylland,122773,590349,20.8
2021-05-21,Nordjylland,123898,590349,21.0
2021-05-22,Nordjylland,126764,590349,21.5
2021-05-23,Nordjylland,126767,590349,21.5
2021-05-24,Nordjylland,129773,590349,22.0
2021-05-25,Nordjylland,129838,590349,22.0
2021-05-26,Nordjylland,129992,590349,22.0
2021-05-27,Nordjylland,131717,590349,22.3
2021-05-28,Nordjylland,133690,590349,22.6
2021-05-29,Nordjylland,133996,590349,22.7
2021-05-30,Nordjylland,134003,590349,22.7
2021-05-31,Nordjylland,134163,590349,22.7
2021-06-01,Nordjylland,134478,590349,22.8
2021-06-02,Nordjylland,134583,590349,22.8
2021-06-03,Nordjylland,136092,590349,23.1
2021-06-04,Nordjylland,137286,590349,23.3
2021-06-05,Nordjylland,139442,590349,23.6
2021-06-06,Nordjylland,141249,590349,23.9
2021-06-07,Nordjylland,141935,590349,24.0
2021-06-08,Nordjylland,145572,590349,24.7
2021-06-09,Nordjylland,148912,590349,25.2
2021-06-10,Nordjylland,149510,590349,25.3
2021-06-11,Nordjylland,152227,590349,25.8
2021-06-12,Nordjylland,155828,590349,26.4
2021-06-13,Nordjylland,158069,590349,26.8
2021-06-14,Nordjylland,160302,590349,27.2
2021-06-15,Nordjylland,162588,590349,27.5
2021-06-16,Nordjylland,164430,590349,27.9
2021-06-17,Nordjylland,165046,590349,28.0
2021-06-18,Nordjylland,167057,590349,28.3
2021-06-19,Nordjylland,168571,590349,28.6
2021-06-20,Nordjylland,168649,590349,28.6
2021-06-21,Nordjylland,168786,590349,28.6
2021-06-22,Nordjylland,170215,590349,28.8
2021-06-23,Nordjylland,172102,590349,29.2
2021-06-24,Nordjylland,174262,590349,29.5
2021-06-25,Nordjylland,178889,590349,30.3
2021-06-26,Nordjylland,180791,590349,30.6
2021-06-27,Nordjylland,183577,590349,31.1
2021-01-04,Sjælland,0,841345,0.00
2021-01-08,Sjælland,0,841345,0.00
2021-01-09,Sjælland,0,841345,0.00
2021-01-13,Sjælland,0,841345,0.00
2021-01-15,Sjælland,0,841345,0.00
2021-01-16,Sjælland,1,841345,0.00
2021-01-17,Sjælland,203,841345,0.02
2021-01-18,Sjælland,1479,841345,0.18
2021-01-19,Sjælland,2886,841345,0.34
2021-01-20,Sjælland,4182,841345,0.50
2021-01-21,Sjælland,5339,841345,0.63
2021-01-22,Sjælland,5788,841345,0.69
2021-01-23,Sjælland,6153,841345,0.73
2021-01-24,Sjælland,6427,841345,0.76
2021-01-25,Sjælland,6689,841345,0.80
2021-01-26,Sjælland,7107,841345,0.84
2021-01-27,Sjælland,8356,841345,0.99
2021-01-28,Sjælland,9873,841345,1.17
2021-01-29,Sjælland,11736,841345,1.39
2021-01-30,Sjælland,12711,841345,1.51
2021-01-31,Sjælland,13278,841345,1.58
2021-02-01,Sjælland,14033,841345,1.67
2021-02-02,Sjælland,14480,841345,1.72
2021-02-03,Sjælland,15202,841345,1.81
2021-02-04,Sjælland,16745,841345,1.99
2021-02-05,Sjælland,17800,841345,2.12
2021-02-06,Sjælland,18086,841345,2.15
2021-02-07,Sjælland,18295,841345,2.17
2021-02-08,Sjælland,18442,841345,2.19
2021-02-09,Sjælland,18502,841345,2.20
2021-02-10,Sjælland,18770,841345,2.23
2021-02-11,Sjælland,19000,841345,2.26
2021-02-12,Sjælland,19638,841345,2.33
2021-02-13,Sjælland,19695,841345,2.34
2021-02-14,Sjælland,19723,841345,2.34
2021-02-15,Sjælland,19912,841345,2.37
2021-02-16,Sjælland,20021,841345,2.38
2021-02-17,Sjælland,20072,841345,2.39
2021-02-18,Sjælland,20164,841345,2.40
2021-02-19,Sjælland,20705,841345,2.46
2021-02-20,Sjælland,20982,841345,2.49
2021-02-21,Sjælland,21137,841345,2.51
2021-02-22,Sjælland,21522,841345,2.56
2021-02-23,Sjælland,22648,841345,2.69
2021-02-24,Sjælland,23701,841345,2.82
2021-02-25,Sjælland,23804,841345,2.83
2021-02-26,Sjælland,24009,841345,2.85
2021-02-27,Sjælland,24223,841345,2.88
2021-02-28,Sjælland,24453,841345,2.91
2021-03-01,Sjælland,24701,841345,2.94
2021-03-02,Sjælland,25130,841345,2.99
2021-03-03,Sjælland,25691,841345,3.05
2021-03-04,Sjælland,26476,841345,3.15
2021-03-05,Sjælland,28104,841345,3.34
2021-03-06,Sjælland,29404,841345,3.49
2021-03-07,Sjælland,31058,841345,3.69
2021-03-08,Sjælland,32435,841345,3.86
2021-03-09,Sjælland,34100,841345,4.05
2021-03-10,Sjælland,36658,841345,4.36
2021-03-11,Sjælland,37831,841345,4.50
2021-03-12,Sjælland,38812,841345,4.61
2021-03-13,Sjælland,39735,841345,4.72
2021-03-14,Sjælland,41420,841345,4.92
2021-03-15,Sjælland,42149,841345,5.01
2021-03-16,Sjælland,43036,841345,5.12
2021-03-17,Sjælland,43870,841345,5.21
2021-03-18,Sjælland,44415,841345,5.28
2021-03-19,Sjælland,47529,841345,5.65
2021-03-20,Sjælland,47869,841345,5.69
2021-03-21,Sjælland,47932,841345,5.70
2021-03-22,Sjælland,49246,841345,5.85
2021-03-23,Sjælland,49743,841345,5.91
2021-03-24,Sjælland,51254,841345,6.09
2021-03-25,Sjælland,51931,841345,6.17
2021-03-26,Sjælland,52339,841345,6.22
2021-03-27,Sjælland,52590,841345,6.25
2021-03-28,Sjælland,52604,841345,6.25
2021-03-29,Sjælland,53219,841345,6.33
2021-03-30,Sjælland,53744,841345,6.39
2021-03-31,Sjælland,55020,841345,6.54
2021-04-01,Sjælland,56019,841345,6.66
2021-04-02,Sjælland,56489,841345,6.71
2021-04-03,Sjælland,57080,841345,6.78
2021-04-04,Sjælland,57336,841345,6.81
2021-04-05,Sjælland,57349,841345,6.82
2021-04-06,Sjælland,59287,841345,7.05
2021-04-07,Sjælland,61077,841345,7.26
2021-04-08,Sjælland,63016,841345,7.49
2021-04-09,Sjælland,63346,841345,7.53
2021-04-10,Sjælland,64469,841345,7.66
2021-04-11,Sjælland,65297,841345,7.76
2021-04-12,Sjælland,66476,841345,7.90
2021-04-13,Sjælland,68263,841345,8.11
2021-04-14,Sjælland,70262,841345,8.35
2021-04-15,Sjælland,71911,841345,8.55
2021-04-16,Sjælland,73144,841345,8.69
2021-04-17,Sjælland,74723,841345,8.88
2021-04-18,Sjælland,76037,841345,9.04
2021-04-19,Sjælland,79387,841345,9.44
2021-04-20,Sjælland,84238,841345,10.0
2021-04-21,Sjælland,86532,841345,10.3
2021-04-22,Sjælland,87545,841345,10.4
2021-04-23,Sjælland,87924,841345,10.5
2021-04-24,Sjælland,90980,841345,10.8
2021-04-25,Sjælland,94517,841345,11.2
2021-04-26,Sjælland,95741,841345,11.4
2021-04-27,Sjælland,98743,841345,11.7
2021-04-28,Sjælland,99783,841345,11.9
2021-04-29,Sjælland,101669,841345,12.1
2021-04-30,Sjælland,102084,841345,12.1
2021-05-01,Sjælland,104717,841345,12.4
2021-05-02,Sjælland,106735,841345,12.7
2021-05-03,Sjælland,121730,841345,14.5
2021-05-04,Sjælland,124451,841345,14.8
2021-05-05,Sjælland,127221,841345,15.1
2021-05-06,Sjælland,129494,841345,15.4
2021-05-07,Sjælland,133690,841345,15.9
2021-05-08,Sjælland,139549,841345,16.6
2021-05-09,Sjælland,143304,841345,17.0
2021-05-10,Sjælland,147854,841345,17.6
2021-05-11,Sjælland,150975,841345,17.9
2021-05-12,Sjælland,154836,841345,18.4
2021-05-13,Sjælland,157059,841345,18.7
2021-05-14,Sjælland,160723,841345,19.1
2021-05-15,Sjælland,162980,841345,19.4
2021-05-16,Sjælland,164953,841345,19.6
2021-05-17,Sjælland,168395,841345,20.0
2021-05-18,Sjælland,171007,841345,20.3
2021-05-19,Sjælland,175557,841345,20.9
2021-05-20,Sjælland,177450,841345,21.1
2021-05-21,Sjælland,178768,841345,21.2
2021-05-22,Sjælland,180330,841345,21.4
2021-05-23,Sjælland,181504,841345,21.6
2021-05-24,Sjælland,182372,841345,21.7
2021-05-25,Sjælland,183188,841345,21.8
2021-05-26,Sjælland,183962,841345,21.9
2021-05-27,Sjælland,185564,841345,22.1
2021-05-28,Sjælland,187058,841345,22.2
2021-05-29,Sjælland,188443,841345,22.4
2021-05-30,Sjælland,189650,841345,22.5
2021-05-31,Sjælland,193997,841345,23.1
2021-06-01,Sjælland,197072,841345,23.4
2021-06-02,Sjælland,199813,841345,23.7
2021-06-03,Sjælland,201719,841345,24.0
2021-06-04,Sjælland,205109,841345,24.4
2021-06-05,Sjælland,207189,841345,24.6
2021-06-06,Sjælland,209345,841345,24.9
2021-06-07,Sjælland,210497,841345,25.0
2021-06-08,Sjælland,214006,841345,25.4
2021-06-09,Sjælland,217128,841345,25.8
2021-06-10,Sjælland,219306,841345,26.1
2021-06-11,Sjælland,222320,841345,26.4
2021-06-12,Sjælland,225285,841345,26.8
2021-06-13,Sjælland,230204,841345,27.4
2021-06-14,Sjælland,233586,841345,27.8
2021-06-15,Sjælland,235434,841345,28.0
2021-06-16,Sjælland,238866,841345,28.4
2021-06-17,Sjælland,244748,841345,29.1
2021-06-18,Sjælland,249661,841345,29.7
2021-06-19,Sjælland,254882,841345,30.3
2021-06-20,Sjælland,260000,841345,30.9
2021-06-21,Sjælland,266065,841345,31.6
2021-06-22,Sjælland,271229,841345,32.2
2021-06-23,Sjælland,276096,841345,32.8
2021-06-24,Sjælland,280447,841345,33.3
2021-06-25,Sjælland,286790,841345,34.1
2021-06-26,Sjælland,292244,841345,34.7
2021-06-27,Sjælland,298666,841345,35.5
2021-01-04,Syddanmark,1,1224894,0.00
2021-01-08,Syddanmark,1,1224894,0.00
2021-01-09,Syddanmark,1,1224894,0.00
2021-01-13,Syddanmark,1,1224894,0.00
2021-01-15,Syddanmark,1,1224894,0.00
2021-01-16,Syddanmark,1,1224894,0.00
2021-01-17,Syddanmark,441,1224894,0.04
2021-01-18,Syddanmark,943,1224894,0.08
2021-01-19,Syddanmark,1382,1224894,0.11
2021-01-20,Syddanmark,1685,1224894,0.14
2021-01-21,Syddanmark,2119,1224894,0.17
2021-01-22,Syddanmark,3568,1224894,0.29
2021-01-23,Syddanmark,3736,1224894,0.31
2021-01-24,Syddanmark,3954,1224894,0.32
2021-01-25,Syddanmark,5705,1224894,0.47
2021-01-26,Syddanmark,6650,1224894,0.54
2021-01-27,Syddanmark,7721,1224894,0.63
2021-01-28,Syddanmark,8207,1224894,0.67
2021-01-29,Syddanmark,11214,1224894,0.92
2021-01-30,Syddanmark,13951,1224894,1.14
2021-01-31,Syddanmark,15165,1224894,1.24
2021-02-01,Syddanmark,18242,1224894,1.49
2021-02-02,Syddanmark,19303,1224894,1.58
2021-02-03,Syddanmark,19835,1224894,1.62
2021-02-04,Syddanmark,20580,1224894,1.68
2021-02-05,Syddanmark,25011,1224894,2.04
2021-02-06,Syddanmark,27351,1224894,2.23
2021-02-07,Syddanmark,28898,1224894,2.36
2021-02-08,Syddanmark,30593,1224894,2.50
2021-02-09,Syddanmark,31656,1224894,2.58
2021-02-10,Syddanmark,31751,1224894,2.59
2021-02-11,Syddanmark,31899,1224894,2.60
2021-02-12,Syddanmark,33612,1224894,2.74
2021-02-13,Syddanmark,34475,1224894,2.81
2021-02-14,Syddanmark,35031,1224894,2.86
2021-02-15,Syddanmark,36091,1224894,2.95
2021-02-16,Syddanmark,36649,1224894,2.99
2021-02-17,Syddanmark,36861,1224894,3.01
2021-02-18,Syddanmark,36902,1224894,3.01
2021-02-19,Syddanmark,36989,1224894,3.02
2021-02-20,Syddanmark,37050,1224894,3.02
2021-02-21,Syddanmark,37083,1224894,3.03
2021-02-22,Syddanmark,37267,1224894,3.04
2021-02-23,Syddanmark,37624,1224894,3.07
2021-02-24,Syddanmark,38223,1224894,3.12
2021-02-25,Syddanmark,38545,1224894,3.15
2021-02-26,Syddanmark,38849,1224894,3.17
2021-02-27,Syddanmark,38965,1224894,3.18
2021-02-28,Syddanmark,38994,1224894,3.18
2021-03-01,Syddanmark,39369,1224894,3.21
2021-03-02,Syddanmark,39733,1224894,3.24
2021-03-03,Syddanmark,39896,1224894,3.26
2021-03-04,Syddanmark,40073,1224894,3.27
2021-03-05,Syddanmark,40575,1224894,3.31
2021-03-06,Syddanmark,40912,1224894,3.34
2021-03-07,Syddanmark,41532,1224894,3.39
2021-03-08,Syddanmark,42330,1224894,3.46
2021-03-09,Syddanmark,43107,1224894,3.52
2021-03-10,Syddanmark,43957,1224894,3.59
2021-03-11,Syddanmark,44336,1224894,3.62
2021-03-12,Syddanmark,46584,1224894,3.80
2021-03-13,Syddanmark,48528,1224894,3.96
2021-03-14,Syddanmark,50511,1224894,4.12
2021-03-15,Syddanmark,52344,1224894,4.27
2021-03-16,Syddanmark,53806,1224894,4.39
2021-03-17,Syddanmark,54854,1224894,4.48
2021-03-18,Syddanmark,55886,1224894,4.56
2021-03-19,Syddanmark,59758,1224894,4.88
2021-03-20,Syddanmark,62377,1224894,5.09
2021-03-21,Syddanmark,64885,1224894,5.30
2021-03-22,Syddanmark,67103,1224894,5.48
2021-03-23,Syddanmark,68465,1224894,5.59
2021-03-24,Syddanmark,69682,1224894,5.69
2021-03-25,Syddanmark,70961,1224894,5.79
2021-03-26,Syddanmark,74279,1224894,6.06
2021-03-27,Syddanmark,76657,1224894,6.26
2021-03-28,Syddanmark,79244,1224894,6.47
2021-03-29,Syddanmark,81748,1224894,6.67
2021-03-30,Syddanmark,83742,1224894,6.84
2021-03-31,Syddanmark,85005,1224894,6.94
2021-04-01,Syddanmark,85830,1224894,7.01
2021-04-02,Syddanmark,87775,1224894,7.17
2021-04-03,Syddanmark,88819,1224894,7.25
2021-04-04,Syddanmark,89748,1224894,7.33
2021-04-05,Syddanmark,90271,1224894,7.37
2021-04-06,Syddanmark,92155,1224894,7.52
2021-04-07,Syddanmark,93734,1224894,7.65
2021-04-08,Syddanmark,95323,1224894,7.78
2021-04-09,Syddanmark,97033,1224894,7.92
2021-04-10,Syddanmark,98333,1224894,8.03
2021-04-11,Syddanmark,99416,1224894,8.12
2021-04-12,Syddanmark,100966,1224894,8.24
2021-04-13,Syddanmark,102190,1224894,8.34
2021-04-14,Syddanmark,103744,1224894,8.47
2021-04-15,Syddanmark,105135,1224894,8.58
2021-04-16,Syddanmark,106691,1224894,8.71
2021-04-17,Syddanmark,107606,1224894,8.78
2021-04-18,Syddanmark,108232,1224894,8.84
2021-04-19,Syddanmark,109794,1224894,8.96
2021-04-20,Syddanmark,111572,1224894,9.11
2021-04-21,Syddanmark,112576,1224894,9.19
2021-04-22,Syddanmark,114131,1224894,9.32
2021-04-23,Syddanmark,116071,1224894,9.48
2021-04-24,Syddanmark,117677,1224894,9.61
2021-04-25,Syddanmark,118593,1224894,9.68
2021-04-26,Syddanmark,120220,1224894,9.81
2021-04-27,Syddanmark,122185,1224894,9.98
2021-04-28,Syddanmark,125977,1224894,10.3
2021-04-29,Syddanmark,128187,1224894,10.5
2021-04-30,Syddanmark,130053,1224894,10.6
2021-05-01,Syddanmark,132243,1224894,10.8
2021-05-02,Syddanmark,134219,1224894,11.0
2021-05-03,Syddanmark,138301,1224894,11.3
2021-05-04,Syddanmark,142331,1224894,11.6
2021-05-05,Syddanmark,146546,1224894,12.0
2021-05-06,Syddanmark,151676,1224894,12.4
2021-05-07,Syddanmark,157250,1224894,12.8
2021-05-08,Syddanmark,161091,1224894,13.2
2021-05-09,Syddanmark,163993,1224894,13.4
2021-05-10,Syddanmark,178271,1224894,14.6
2021-05-11,Syddanmark,184015,1224894,15.0
2021-05-12,Syddanmark,190290,1224894,15.5
2021-05-13,Syddanmark,192638,1224894,15.7
2021-05-14,Syddanmark,199679,1224894,16.3
2021-05-15,Syddanmark,204317,1224894,16.7
2021-05-16,Syddanmark,208177,1224894,17.0
2021-05-17,Syddanmark,214935,1224894,17.5
2021-05-18,Syddanmark,224313,1224894,18.3
2021-05-19,Syddanmark,229150,1224894,18.7
2021-05-20,Syddanmark,234419,1224894,19.1
2021-05-21,Syddanmark,241152,1224894,19.7
2021-05-22,Syddanmark,245506,1224894,20.0
2021-05-23,Syddanmark,248973,1224894,20.3
2021-05-24,Syddanmark,252667,1224894,20.6
2021-05-25,Syddanmark,258944,1224894,21.1
2021-05-26,Syddanmark,264355,1224894,21.6
2021-05-27,Syddanmark,267822,1224894,21.9
2021-05-28,Syddanmark,270593,1224894,22.1
2021-05-29,Syddanmark,272260,1224894,22.2
2021-05-30,Syddanmark,273752,1224894,22.3
2021-05-31,Syddanmark,276375,1224894,22.6
2021-06-01,Syddanmark,280507,1224894,22.9
2021-06-02,Syddanmark,283148,1224894,23.1
2021-06-03,Syddanmark,285701,1224894,23.3
2021-06-04,Syddanmark,288735,1224894,23.6
2021-06-05,Syddanmark,290436,1224894,23.7
2021-06-06,Syddanmark,292289,1224894,23.9
2021-06-07,Syddanmark,295168,1224894,24.1
2021-06-08,Syddanmark,298482,1224894,24.4
2021-06-09,Syddanmark,302332,1224894,24.7
2021-06-10,Syddanmark,306764,1224894,25.0
2021-06-11,Syddanmark,311105,1224894,25.4
2021-06-12,Syddanmark,314177,1224894,25.6
2021-06-13,Syddanmark,317758,1224894,25.9
2021-06-14,Syddanmark,321086,1224894,26.2
2021-06-15,Syddanmark,325137,1224894,26.5
2021-06-16,Syddanmark,330304,1224894,27.0
2021-06-17,Syddanmark,335202,1224894,27.4
2021-06-18,Syddanmark,339879,1224894,27.7
2021-06-19,Syddanmark,344025,1224894,28.1
2021-06-20,Syddanmark,348767,1224894,28.5
2021-06-21,Syddanmark,354636,1224894,29.0
2021-06-22,Syddanmark,360568,1224894,29.4
2021-06-23,Syddanmark,367470,1224894,30.0
2021-06-24,Syddanmark,374714,1224894,30.6
2021-06-25,Syddanmark,380261,1224894,31.0
2021-06-26,Syddanmark,384671,1224894,31.4
2021-06-27,Syddanmark,389864,1224894,31.8
